Workbook

Sheet Holidays & Skeleton
A1: State Holiday Reference — FY2026 & FY2027 (Weekday Holidays Only)
A3: ALL AGENCIES CLOSED
A4: Holiday | B4: Date | C4: Day of Week | D4: FY
A5: Labor Day | B5: 45901 | C5: Monday | D5: FY2026
A6: Veterans Day | B6: 45972 | C6: Tuesday | D6: FY2026
A7: Thanksgiving Day | B7: 45988 | C7: Thursday | D7: FY2026
A8: Day after Thanksgiving | B8: 45989 | C8: Friday | D8: FY2026
A9: Christmas Eve Day | B9: 46015 | C9: Wednesday | D9: FY2026
A10: Christmas Day | B10: 46016 | C10: Thursday | D10: FY2026
A11: Day after Christmas | B11: 46017 | C11: Friday | D11: FY2026
A12: New Year's Day | B12: 46023 | C12: Thursday | D12: FY2026
A13: Martin Luther King, Jr. Day | B13: 46041 | C13: Monday | D13: FY2026
A14: Presidents' Day | B14: 46069 | C14: Monday | D14: FY2026
A15: Memorial Day | B15: 46167 | C15: Monday | D15: FY2026
A16: Labor Day | B16: 46272 | C16: Monday | D16: FY2027
... A25: Memorial Day | B25: 46538 | C25: Monday | D25: FY2027
A27: SKELETON CREW DAYS
A28: Holiday | B28: Date | C28: Day of Week | D28: FY
A29: Texas Independence Day | B29: 46083 | C29: Monday | D29: FY2026
A30: San Jacinto Day | B30: 46133 | C30: Tuesday | D30: FY2026
A31: Emancipation Day | B31: 46192 | C31: Friday | D31: FY2026
A32: LBJ Day | B32: 46261 | C32: Thursday | D32: FY2026
A33: Confederate Heroes Day | B33: 46406 | C33: Tuesday | D33: FY2027
A34: Texas Independence Day | B34: 46448 | C34: Tuesday | D34: FY2027
A35: San Jacinto Day | B35: 46498 | C35: Wednesday | D35: FY2027
A36: LBJ Day | B36: 46626 | C36: Friday | D36: FY2027
A38: Weekend holidays excluded from this table.

Sheet Audit Setup
A1: Audit Configuration & Milestone Calculator | v4
A3: ANCHOR DATES
A4: Field | B4: Value | C4: Day of Week / Calc | E4: Validation / Notes
A5: Kickoff / Project Launch Date | B5: 46113 | C5: =TEXT(B5,"dddd") | E5: =IF(WEEKDAY(B5,2)=5,"⚠ Kickoff is a Friday","✓ OK")
A6: Report Release Date (auto-calculated) | B6: =WORKDAY(B5-WEEKDAY(B5,2)+1+(B16*7)-3,1,'Holidays & Skeleton'!$B$5:$B$25) | C6: =TEXT(B6,"dddd") | E6: =IF(WEEKDAY(B6,2)<>1,"⚠ Release is not Monday","✓ OK")
A7: Standard Hours Lost per Holiday/Skeleton Day | B7: 8 | C7: Deducted from resource tabs per closure. Default: 8.
A8: Weeks Before End of Fieldwork for On-Target Meeting | B8: 1 | C8: ="On-Target = "&TEXT(D13-4-$B$8*7,"MM/DD/YY dddd")&" | Buffer: "&$B$8&" wk(s)"
A10: PHASE CONFIGURATION
A11: Phase | B11: Weeks Allocated | C11: Start (Mon) | D11: End (Fri) | E11: Notes / Validation
A12: PLANNING | B12: 4 | C12: =B5-WEEKDAY(B5,2)+1 | D12: =C12+(B12-1)*7+4 | E12: Start snaps to Monday of kickoff week
A13: FIELDWORK | B13: 16 | C13: =D12+3 | D13: =C13+(B13-1)*7+4 | E13: =IF(C25-C23<28,"⚠ Writing window short","✓ OK")
A14: REPORTING | B14: 4 | C14: =D13+3 | D14: =C14+(B14-1)*7+4 | E14: Begins Monday after Fieldwork ends
A16: TOTAL AUDIT WEEKS | B16: =SUM(B12:B14) | C16: ="Audit: "&TEXT(C12,"MM/DD/YY")&" - "&TEXT(D14,"MM/DD/YY")
A18: MILESTONE CALENDAR
A19: Milestone | C19: Date | D19: Day of Week | E19: Notes / Validation
A20: Kickoff / Project Launch | C20: =B5 | D20: =IF(ISNUMBER(C20),TEXT(C20,"dddd"),"") | E20: Anchor
A21: End of Planning | C21: =D12 | D21: =IF(ISNUMBER(C21),TEXT(C21,"dddd"),"") | E21: Last Friday of Planning
A22: Outline Sent to Exec | C22: =WORKDAY(C23,-2,'Holidays & Skeleton'!$B$5:$B$25) | D22: =IF(ISNUMBER(C22),TEXT(C22,"dddd"),"") | E22: 2 business days before On-Target
A23: ON-TARGET MEETING | C23: =D13-4-$B$8*7 | D23: =IF(ISNUMBER(C23),TEXT(C23,"dddd"),"") | E23: Monday of week B8 weeks before end of Fieldwork
A24: Writing Period Begins | C24: =C23+1 | D24: =IF(ISNUMBER(C24),TEXT(C24,"dddd"),"") | E24: Day after On-Target
A25: Draft Sent to Exec | C25: =WORKDAY(C26,-3,'Holidays & Skeleton'!$B$5:$B$25) | D25: =IF(ISNUMBER(C25),TEXT(C25,"dddd"),"") | E25: =IF(C25-C23<28,"⚠ Writing window short","")
A26: Exit Conference | C26: =WORKDAY(C27,-10,'Holidays & Skeleton'!$B$5:$B$25) | D26: =IF(ISNUMBER(C26),TEXT(C26,"dddd"),"") | E26: 10 business days before Mgmt Responses Due
A27: Management Responses Due | C27: =B6-7 | D27: =IF(ISNUMBER(C27),TEXT(C27,"dddd"),"") | E27: Monday of release week minus 1 week
A28: Final Draft to Exec | C28: =B6-6 | D28: =IF(ISNUMBER(C28),TEXT(C28,"dddd"),"") | E28: Tuesday of release week
A29: Exec Approves Final Draft | C29: =B6-5 | D29: =IF(ISNUMBER(C29),TEXT(C29,"dddd"),"") | E29: Wednesday of release week
A30: PM / AM Review Prototype | C30: =B6-5 | D30: =IF(ISNUMBER(C30),TEXT(C30,"dddd"),"") | E30: Wednesday-Thursday of release week
A31: Editors Set Up Release Emails | C31: =B6-3 | D31: =IF(ISNUMBER(C31),TEXT(C31,"dddd"),"") | E31: Friday of release week
A32: REPORT RELEASE | C32: =B6 | D32: =IF(ISNUMBER(C32),TEXT(C32,"dddd"),"") | E32: =IF(WEEKDAY(B6,2)<>1,"⚠ Release not Monday","✓ OK")

Sheet Resource PM
A1: Audit Resource Tracker | v4 | PM
A2: Resource Name: | C2: PM
A3: Audit / Project: | C3: Enter audit name
A4: Phase structure driven by 'Audit Setup'. Blue = manual entry.
A6: Week # | B6: Task Assignment | C6: Week Of (Mon) | D6: Hours Avail. | E6: (-) Business Holidays | F6: (-) Skeleton Days | G6: (-) Leave Planned | H6: Total Avail. | K6: Actual Hrs | L6: Milestones This Week
A7: =" PLANNING - Weeks 1-"&'Audit Setup'!$B$12
A8: =IF(1<='Audit Setup'!$B$12,"PL-"&1,"") | C8: ='Audit Setup'!$C$12 | D8: 0 | E8: =-COUNTIFS('Holidays & Skeleton'!$B$5:$B$25,">="&C8,'Holidays & Skeleton'!$B$5:$B$25,"<="&(C8+4))*'Audit Setup'!$B$7 | F8: =-COUNTIFS('Holidays & Skeleton'!$B$29:$B$36,">="&C8,'Holidays & Skeleton'!$B$29:$B$36,"<="&(C8+4))*'Audit Setup'!$B$7 | G8: 0 | H8: =CEILING(MAX(0,SUM(D8:G8)),1) | K8: 0 | L8: =IF(NOT(ISNUMBER(C8)),"",TRIM(CONCATENATE(IF(AND('Audit Setup'!$C$20>=C8,'Audit Setup'!$C$20<=C8+4),"⚑ KICKOFF ",""),IF(AND('Audit Setup'!$C$21>=C8,'Audit Setup'!$C$21<=C8+4),"⚑ END OF PLANNING ",""),IF(AND('Audit Setup'!$C$22>=C8,'Audit Setup'!$C$22<=C8+4),"⚑ OUTLINE TO EXEC ",""),IF(AND('Audit Setup'!$C$23>=C8,'Audit Setup'!$C$23<=C8+4),"⚑ ON-TARGET ",""),IF(AND('Audit Setup'!$C$25>=C8,'Audit Setup'!$C$25<=C8+4),"⚑ DRAFT TO EXEC ",""),IF(AND('Audit Setup'!$C$26>=C8,'Audit Setup'!$C$26<=C8+4),"⚑ EXIT CONFERENCE ",""),IF(AND('Audit Setup'!$C$27>=C8,'Audit Setup'!$C$27<=C8+4),"⚑ MGMT RESPONSES DUE ",""),IF(AND('Audit Setup'!$C$32>=C8,'Audit Setup'!$C$32<=C8+4),"⚑ REPORT RELEASE ",""))))
A9: =IF(2<='Audit Setup'!$B$12,"PL-"&2,"") | C9: =C8+7 | D9: 0 | E9: =-COUNTIFS('Holidays & Skeleton'!$B$5:$B$25,">="&C9,'Holidays & Skeleton'!$B$5:$B$25,"<="&(C9+4))*'Audit Setup'!$B$7 | F9: =-COUNTIFS('Holidays & Skeleton'!$B$29:$B$36,">="&C9,'Holidays & Skeleton'!$B$29:$B$36,"<="&(C9+4))*'Audit Setup'!$B$7 | G9: 0 | H9: =CEILING(MAX(0,SUM(D9:G9)),1) | K9: 0 | L9: =IF(NOT(ISNUMBER(C9)),"",TRIM(CONCATENATE(IF(AND('Audit Setup'!$C$20>=C9,'Audit Setup'!$C$20<=C9+4),"⚑ KICKOFF ",""),IF(AND('Audit Setup'!$C$21>=C9,'Audit Setup'!$C$21<=C9+4),"⚑ END OF PLANNING ",""),IF(AND('Audit Setup'!$C$22>=C9,'Audit Setup'!$C$22<=C9+4),"⚑ OUTLINE TO EXEC ",""),IF(AND('Audit Setup'!$C$23>=C9,'Audit Setup'!$C$23<=C9+4),"⚑ ON-TARGET ",""),IF(AND('Audit Setup'!$C$25>=C9,'Audit Setup'!$C$25<=C9+4),"⚑ DRAFT TO EXEC ",""),IF(AND('Audit Setup'!$C$26>=C9,'Audit Setup'!$C$26<=C9+4),"⚑ EXIT CONFERENCE ",""),IF(AND('Audit Setup'!$C$27>=C9,'Audit Setup'!$C$27<=C9+4),"⚑ MGMT RESPONSES DUE ",""),IF(AND('Audit Setup'!$C$32>=C9,'Audit Setup'!$C$32<=C9+4),"⚑ REPORT RELEASE ",""))))
A10: =IF(3<='Audit Setup'!$B$12,"PL-"&3,"") | C10: =C9+7 | D10: 0 | E10: =-COUNTIFS('Holidays & Skeleton'!$B$5:$B$25,">="&C10,'Holidays & Skeleton'!$B$5:$B$25,"<="&(C10+4))*'Audit Setup'!$B$7 | F10: =-COUNTIFS('Holidays & Skeleton'!$B$29:$B$36,">="&C10,'Holidays & Skeleton'!$B$29:$B$36,"<="&(C10+4))*'Audit Setup'!$B$7 | G10: 0 | H10: =CEILING(MAX(0,SUM(D10:G10)),1) | K10: 0 | L10: =IF(NOT(ISNUMBER(C10)),"",TRIM(CONCATENATE(IF(AND('Audit Setup'!$C$20>=C10,'Audit Setup'!$C$20<=C10+4),"⚑ KICKOFF ",""),IF(AND('Audit Setup'!$C$21>=C10,'Audit Setup'!$C$21<=C10+4),"⚑ END OF PLANNING ",""),IF(AND('Audit Setup'!$C$22>=C10,'Audit Setup'!$C$22<=C10+4),"⚑ OUTLINE TO EXEC ",""),IF(AND('Audit Setup'!$C$23>=C10,'Audit Setup'!$C$23<=C10+4),"⚑ ON-TARGET ",""),IF(AND('Audit Setup'!$C$25>=C10,'Audit Setup'!$C$25<=C10+4),"⚑ DRAFT TO EXEC ",""),IF(AND('Audit Setup'!$C$26>=C10,'Audit Setup'!$C$26<=C10+4),"⚑ EXIT CONFERENCE ",""),IF(AND('Audit Setup'!$C$27>=C10,'Audit Setup'!$C$27<=C10+4),"⚑ MGMT RESPONSES DUE ",""),IF(AND('Audit Setup'!$C$32>=C10,'Audit Setup'!$C$32<=C10+4),"⚑ REPORT RELEASE ",""))))
A11: =IF(4<='Audit Setup'!$B$12,"PL-"&4,"") | C11: =C10+7 | D11: 0 | E11: =-COUNTIFS('Holidays & Skeleton'!$B$5:$B$25,">="&C11,'Holidays & Skeleton'!$B$5:$B$25,"<="&(C11+4))*'Audit Setup'!$B$7 | F11: =-COUNTIFS('Holidays & Skeleton'!$B$29:$B$36,">="&C11,'Holidays & Skeleton'!$B$29:$B$36,"<="&(C11+4))*'Audit Setup'!$B$7 | G11: 0 | H11: =CEILING(MAX(0,SUM(D11:G11)),1) | K11: 0 | L11: =IF(NOT(ISNUMBER(C11)),"",TRIM(CONCATENATE(IF(AND('Audit Setup'!$C$20>=C11,'Audit Setup'!$C$20<=C11+4),"⚑ KICKOFF ",""),IF(AND('Audit Setup'!$C$21>=C11,'Audit Setup'!$C$21<=C11+4),"⚑ END OF PLANNING ",""),IF(AND('Audit Setup'!$C$22>=C11,'Audit Setup'!$C$22<=C11+4),"⚑ OUTLINE TO EXEC ",""),IF(AND('Audit Setup'!$C$23>=C11,'Audit Setup'!$C$23<=C11+4),"⚑ ON-TARGET ",""),IF(AND('Audit Setup'!$C$25>=C11,'Audit Setup'!$C$25<=C11+4),"⚑ DRAFT TO EXEC ",""),IF(AND('Audit Setup'!$C$26>=C11,'Audit Setup'!$C$26<=C11+4),"⚑ EXIT CONFERENCE ",""),IF(AND('Audit Setup'!$C$27>=C11,'Audit Setup'!$C$27<=C11+4),"⚑ MGMT RESPONSES DUE ",""),IF(AND('Audit Setup'!$C$32>=C11,'Audit Setup'!$C$32<=C11+4),"⚑ REPORT RELEASE ",""))))
A12: =IF(5<='Audit Setup'!$B$12,"PL-"&5,"") | C12: =C11+7 | D12: 0 | E12: =-COUNTIFS('Holidays & Skeleton'!$B$5:$B$25,">="&C12,'Holidays & Skeleton'!$B$5:$B$25,"<="&(C12+4))*'Audit Setup'!$B$7 | F12: =-COUNTIFS('Holidays & Skeleton'!$B$29:$B$36,">="&C12,'Holidays & Skeleton'!$B$29:$B$36,"<="&(C12+4))*'Audit Setup'!$B$7 | G12: 0 | H12: =CEILING(MAX(0,SUM(D12:G12)),1) | K12: 0 | L12: =IF(NOT(ISNUMBER(C12)),"",TRIM(CONCATENATE(IF(AND('Audit Setup'!$C$20>=C12,'Audit Setup'!$C$20<=C12+4),"⚑ KICKOFF ",""),IF(AND('Audit Setup'!$C$21>=C12,'Audit Setup'!$C$21<=C12+4),"⚑ END OF PLANNING ",""),IF(AND('Audit Setup'!$C$22>=C12,'Audit Setup'!$C$22<=C12+4),"⚑ OUTLINE TO EXEC ",""),IF(AND('Audit Setup'!$C$23>=C12,'Audit Setup'!$C$23<=C12+4),"⚑ ON-TARGET ",""),IF(AND('Audit Setup'!$C$25>=C12,'Audit Setup'!$C$25<=C12+4),"⚑ DRAFT TO EXEC ",""),IF(AND('Audit Setup'!$C$26>=C12,'Audit Setup'!$C$26<=C12+4),"⚑ EXIT CONFERENCE ",""),IF(AND('Audit Setup'!$C$27>=C12,'Audit Setup'!$C$27<=C12+4),"⚑ MGMT RESPONSES DUE ",""),IF(AND('Audit Setup'!$C$32>=C12,'Audit Setup'!$C$32<=C12+4),"⚑ REPORT RELEASE ",""))))
A13: =IF(6<='Audit Setup'!$B$12,"PL-"&6,"") | C13: =C12+7 | D13: 0 | E13: =-COUNTIFS('Holidays & Skeleton'!$B$5:$B$25,">="&C13,'Holidays & Skeleton'!$B$5:$B$25,"<="&(C13+4))*'Audit Setup'!$B$7 | F13: =-COUNTIFS('Holidays & Skeleton'!$B$29:$B$36,">="&C13,'Holidays & Skeleton'!$B$29:$B$36,"<="&(C13+4))*'Audit Setup'!$B$7 | G13: 0 | H13: =CEILING(MAX(0,SUM(D13:G13)),1) | K13: 0 | L13: =IF(NOT(ISNUMBER(C13)),"",TRIM(CONCATENATE(IF(AND('Audit Setup'!$C$20>=C13,'Audit Setup'!$C$20<=C13+4),"⚑ KICKOFF ",""),IF(AND('Audit Setup'!$C$21>=C13,'Audit Setup'!$C$21<=C13+4),"⚑ END OF PLANNING ",""),IF(AND('Audit Setup'!$C$22>=C13,'Audit Setup'!$C$22<=C13+4),"⚑ OUTLINE TO EXEC ",""),IF(AND('Audit Setup'!$C$23>=C13,'Audit Setup'!$C$23<=C13+4),"⚑ ON-TARGET ",""),IF(AND('Audit Setup'!$C$25>=C13,'Audit Setup'!$C$25<=C13+4),"⚑ DRAFT TO EXEC ",""),IF(AND('Audit Setup'!$C$26>=C13,'Audit Setup'!$C$26<=C13+4),"⚑ EXIT CONFERENCE ",""),IF(AND('Audit Setup'!$C$27>=C13,'Audit Setup'!$C$27<=C13+4),"⚑ MGMT RESPONSES DUE ",""),IF(AND('Audit Setup'!$C$32>=C13,'Audit Setup'!$C$32<=C13+4),"⚑ REPORT RELEASE ",""))))
A14: =IF(7<='Audit Setup'!$B$12,"PL-"&7,"") | C14: =C13+7 | D14: 0 | E14: =-COUNTIFS('Holidays & Skeleton'!$B$5:$B$25,">="&C14,'Holidays & Skeleton'!$B$5:$B$25,"<="&(C14+4))*'Audit Setup'!$B$7 | F14: =-COUNTIFS('Holidays & Skeleton'!$B$29:$B$36,">="&C14,'Holidays & Skeleton'!$B$29:$B$36,"<="&(C14+4))*'Audit Setup'!$B$7 | G14: 0 | H14: =CEILING(MAX(0,SUM(D14:G14)),1) | K14: 0 | L14: =IF(NOT(ISNUMBER(C14)),"",TRIM(CONCATENATE(IF(AND('Audit Setup'!$C$20>=C14,'Audit Setup'!$C$20<=C14+4),"⚑ KICKOFF ",""),IF(AND('Audit Setup'!$C$21>=C14,'Audit Setup'!$C$21<=C14+4),"⚑ END OF PLANNING ",""),IF(AND('Audit Setup'!$C$22>=C14,'Audit Setup'!$C$22<=C14+4),"⚑ OUTLINE TO EXEC ",""),IF(AND('Audit Setup'!$C$23>=C14,'Audit Setup'!$C$23<=C14+4),"⚑ ON-TARGET ",""),IF(AND('Audit Setup'!$C$25>=C14,'Audit Setup'!$C$25<=C14+4),"⚑ DRAFT TO EXEC ",""),IF(AND('Audit Setup'!$C$26>=C14,'Audit Setup'!$C$26<=C14+4),"⚑ EXIT CONFERENCE ",""),IF(AND('Audit Setup'!$C$27>=C14,'Audit Setup'!$C$27<=C14+4),"⚑ MGMT RESPONSES DUE ",""),IF(AND('Audit Setup'!$C$32>=C14,'Audit Setup'!$C$32<=C14+4),"⚑ REPORT RELEASE ",""))))
A15: =IF(8<='Audit Setup'!$B$12,"PL-"&8,"") | C15: =C14+7 | D15: 0 | E15: =-COUNTIFS('Holidays & Skeleton'!$B$5:$B$25,">="&C15,'Holidays & Skeleton'!$B$5:$B$25,"<="&(C15+4))*'Audit Setup'!$B$7 | F15: =-COUNTIFS('Holidays & Skeleton'!$B$29:$B$36,">="&C15,'Holidays & Skeleton'!$B$29:$B$36,"<="&(C15+4))*'Audit Setup'!$B$7 | G15: 0 | H15: =CEILING(MAX(0,SUM(D15:G15)),1) | K15: 0 | L15: =IF(NOT(ISNUMBER(C15)),"",TRIM(CONCATENATE(IF(AND('Audit Setup'!$C$20>=C15,'Audit Setup'!$C$20<=C15+4),"⚑ KICKOFF ",""),IF(AND('Audit Setup'!$C$21>=C15,'Audit Setup'!$C$21<=C15+4),"⚑ END OF PLANNING ",""),IF(AND('Audit Setup'!$C$22>=C15,'Audit Setup'!$C$22<=C15+4),"⚑ OUTLINE TO EXEC ",""),IF(AND('Audit Setup'!$C$23>=C15,'Audit Setup'!$C$23<=C15+4),"⚑ ON-TARGET ",""),IF(AND('Audit Setup'!$C$25>=C15,'Audit Setup'!$C$25<=C15+4),"⚑ DRAFT TO EXEC ",""),IF(AND('Audit Setup'!$C$26>=C15,'Audit Setup'!$C$26<=C15+4),"⚑ EXIT CONFERENCE ",""),IF(AND('Audit Setup'!$C$27>=C15,'Audit Setup'!$C$27<=C15+4),"⚑ MGMT RESPONSES DUE ",""),IF(AND('Audit Setup'!$C$32>=C15,'Audit Setup'!$C$32<=C15+4),"⚑ REPORT RELEASE ",""))))
A16: =IF(9<='Audit Setup'!$B$12,"PL-"&9,"") | C16: =C15+7 | D16: 0 | E16: =-COUNTIFS('Holidays & Skeleton'!$B$5:$B$25,">="&C16,'Holidays & Skeleton'!$B$5:$B$25,"<="&(C16+4))*'Audit Setup'!$B$7 | F16: =-COUNTIFS('Holidays & Skeleton'!$B$29:$B$36,">="&C16,'Holidays & Skeleton'!$B$29:$B$36,"<="&(C16+4))*'Audit Setup'!$B$7 | G16: 0 | H16: =CEILING(MAX(0,SUM(D16:G16)),1) | K16: 0 | L16: =IF(NOT(ISNUMBER(C16)),"",TRIM(CONCATENATE(IF(AND('Audit Setup'!$C$20>=C16,'Audit Setup'!$C$20<=C16+4),"⚑ KICKOFF ",""),IF(AND('Audit Setup'!$C$21>=C16,'Audit Setup'!$C$21<=C16+4),"⚑ END OF PLANNING ",""),IF(AND('Audit Setup'!$C$22>=C16,'Audit Setup'!$C$22<=C16+4),"⚑ OUTLINE TO EXEC ",""),IF(AND('Audit Setup'!$C$23>=C16,'Audit Setup'!$C$23<=C16+4),"⚑ ON-TARGET ",""),IF(AND('Audit Setup'!$C$25>=C16,'Audit Setup'!$C$25<=C16+4),"⚑ DRAFT TO EXEC ",""),IF(AND('Audit Setup'!$C$26>=C16,'Audit Setup'!$C$26<=C16+4),"⚑ EXIT CONFERENCE ",""),IF(AND('Audit Setup'!$C$27>=C16,'Audit Setup'!$C$27<=C16+4),"⚑ MGMT RESPONSES DUE ",""),IF(AND('Audit Setup'!$C$32>=C16,'Audit Setup'!$C$32<=C16+4),"⚑ REPORT RELEASE ",""))))
A17: =IF(10<='Audit Setup'!$B$12,"PL-"&10,"") | C17: =C16+7 | D17: 0 | E17: =-COUNTIFS('Holidays & Skeleton'!$B$5:$B$25,">="&C17,'Holidays & Skeleton'!$B$5:$B$25,"<="&(C17+4))*'Audit Setup'!$B$7 | F17: =-COUNTIFS('Holidays & Skeleton'!$B$29:$B$36,">="&C17,'Holidays & Skeleton'!$B$29:$B$36,"<="&(C17+4))*'Audit Setup'!$B$7 | G17: 0 | H17: =CEILING(MAX(0,SUM(D17:G17)),1) | K17: 0 | L17: =IF(NOT(ISNUMBER(C17)),"",TRIM(CONCATENATE(IF(AND('Audit Setup'!$C$20>=C17,'Audit Setup'!$C$20<=C17+4),"⚑ KICKOFF ",""),IF(AND('Audit Setup'!$C$21>=C17,'Audit Setup'!$C$21<=C17+4),"⚑ END OF PLANNING ",""),IF(AND('Audit Setup'!$C$22>=C17,'Audit Setup'!$C$22<=C17+4),"⚑ OUTLINE TO EXEC ",""),IF(AND('Audit Setup'!$C$23>=C17,'Audit Setup'!$C$23<=C17+4),"⚑ ON-TARGET ",""),IF(AND('Audit Setup'!$C$25>=C17,'Audit Setup'!$C$25<=C17+4),"⚑ DRAFT TO EXEC ",""),IF(AND('Audit Setup'!$C$26>=C17,'Audit Setup'!$C$26<=C17+4),"⚑ EXIT CONFERENCE ",""),IF(AND('Audit Setup'!$C$27>=C17,'Audit Setup'!$C$27<=C17+4),"⚑ MGMT RESPONSES DUE ",""),IF(AND('Audit Setup'!$C$32>=C17,'Audit Setup'!$C$32<=C17+4),"⚑ REPORT RELEASE ",""))))
A18: =IF(11<='Audit Setup'!$B$12,"PL-"&11,"") | C18: =C17+7 | D18: 0 | E18: =-COUNTIFS('Holidays & Skeleton'!$B$5:$B$25,">="&C18,'Holidays & Skeleton'!$B$5:$B$25,"<="&(C18+4))*'Audit Setup'!$B$7 | F18: =-COUNTIFS('Holidays & Skeleton'!$B$29:$B$36,">="&C18,'Holidays & Skeleton'!$B$29:$B$36,"<="&(C18+4))*'Audit Setup'!$B$7 | G18: 0 | H18: =CEILING(MAX(0,SUM(D18:G18)),1) | K18: 0 | L18: =IF(NOT(ISNUMBER(C18)),"",TRIM(CONCATENATE(IF(AND('Audit Setup'!$C$20>=C18,'Audit Setup'!$C$20<=C18+4),"⚑ KICKOFF ",""),IF(AND('Audit Setup'!$C$21>=C18,'Audit Setup'!$C$21<=C18+4),"⚑ END OF PLANNING ",""),IF(AND('Audit Setup'!$C$22>=C18,'Audit Setup'!$C$22<=C18+4),"⚑ OUTLINE TO EXEC ",""),IF(AND('Audit Setup'!$C$23>=C18,'Audit Setup'!$C$23<=C18+4),"⚑ ON-TARGET ",""),IF(AND('Audit Setup'!$C$25>=C18,'Audit Setup'!$C$25<=C18+4),"⚑ DRAFT TO EXEC ",""),IF(AND('Audit Setup'!$C$26>=C18,'Audit Setup'!$C$26<=C18+4),"⚑ EXIT CONFERENCE ",""),IF(AND('Audit Setup'!$C$27>=C18,'Audit Setup'!$C$27<=C18+4),"⚑ MGMT RESPONSES DUE ",""),IF(AND('Audit Setup'!$C$32>=C18,'Audit Setup'!$C$32<=C18+4),"⚑ REPORT RELEASE ",""))))
A19: =IF(12<='Audit Setup'!$B$12,"PL-"&12,"") | C19: =C18+7 | D19: 0 | E19: =-COUNTIFS('Holidays & Skeleton'!$B$5:$B$25,">="&C19,'Holidays & Skeleton'!$B$5:$B$25,"<="&(C19+4))*'Audit Setup'!$B$7 | F19: =-COUNTIFS('Holidays & Skeleton'!$B$29:$B$36,">="&C19,'Holidays & Skeleton'!$B$29:$B$36,"<="&(C19+4))*'Audit Setup'!$B$7 | G19: 0 | H19: =CEILING(MAX(0,SUM(D19:G19)),1) | K19: 0 | L19: =IF(NOT(ISNUMBER(C19)),"",TRIM(CONCATENATE(IF(AND('Audit Setup'!$C$20>=C19,'Audit Setup'!$C$20<=C19+4),"⚑ KICKOFF ",""),IF(AND('Audit Setup'!$C$21>=C19,'Audit Setup'!$C$21<=C19+4),"⚑ END OF PLANNING ",""),IF(AND('Audit Setup'!$C$22>=C19,'Audit Setup'!$C$22<=C19+4),"⚑ OUTLINE TO EXEC ",""),IF(AND('Audit Setup'!$C$23>=C19,'Audit Setup'!$C$23<=C19+4),"⚑ ON-TARGET ",""),IF(AND('Audit Setup'!$C$25>=C19,'Audit Setup'!$C$25<=C19+4),"⚑ DRAFT TO EXEC ",""),IF(AND('Audit Setup'!$C$26>=C19,'Audit Setup'!$C$26<=C19+4),"⚑ EXIT CONFERENCE ",""),IF(AND('Audit Setup'!$C$27>=C19,'Audit Setup'!$C$27<=C19+4),"⚑ MGMT RESPONSES DUE ",""),IF(AND('Audit Setup'!$C$32>=C19,'Audit Setup'!$C$32<=C19+4),"⚑ REPORT RELEASE ",""))))
A20: =IF(13<='Audit Setup'!$B$12,"PL-"&13,"") | C20: =C19+7 | D20: 0 | E20: =-COUNTIFS('Holidays & Skeleton'!$B$5:$B$25,">="&C20,'Holidays & Skeleton'!$B$5:$B$25,"<="&(C20+4))*'Audit Setup'!$B$7 | F20: =-COUNTIFS('Holidays & Skeleton'!$B$29:$B$36,">="&C20,'Holidays & Skeleton'!$B$29:$B$36,"<="&(C20+4))*'Audit Setup'!$B$7 | G20: 0 | H20: =CEILING(MAX(0,SUM(D20:G20)),1) | K20: 0 | L20: =IF(NOT(ISNUMBER(C20)),"",TRIM(CONCATENATE(IF(AND('Audit Setup'!$C$20>=C20,'Audit Setup'!$C$20<=C20+4),"⚑ KICKOFF ",""),IF(AND('Audit Setup'!$C$21>=C20,'Audit Setup'!$C$21<=C20+4),"⚑ END OF PLANNING ",""),IF(AND('Audit Setup'!$C$22>=C20,'Audit Setup'!$C$22<=C20+4),"⚑ OUTLINE TO EXEC ",""),IF(AND('Audit Setup'!$C$23>=C20,'Audit Setup'!$C$23<=C20+4),"⚑ ON-TARGET ",""),IF(AND('Audit Setup'!$C$25>=C20,'Audit Setup'!$C$25<=C20+4),"⚑ DRAFT TO EXEC ",""),IF(AND('Audit Setup'!$C$26>=C20,'Audit Setup'!$C$26<=C20+4),"⚑ EXIT CONFERENCE ",""),IF(AND('Audit Setup'!$C$27>=C20,'Audit Setup'!$C$27<=C20+4),"⚑ MGMT RESPONSES DUE ",""),IF(AND('Audit Setup'!$C$32>=C20,'Audit Setup'!$C$32<=C20+4),"⚑ REPORT RELEASE ",""))))
A21: =IF(14<='Audit Setup'!$B$12,"PL-"&14,"") | C21: =C20+7 | D21: 0 | E21: =-COUNTIFS('Holidays & Skeleton'!$B$5:$B$25,">="&C21,'Holidays & Skeleton'!$B$5:$B$25,"<="&(C21+4))*'Audit Setup'!$B$7 | F21: =-COUNTIFS('Holidays & Skeleton'!$B$29:$B$36,">="&C21,'Holidays & Skeleton'!$B$29:$B$36,"<="&(C21+4))*'Audit Setup'!$B$7 | G21: 0 | H21: =CEILING(MAX(0,SUM(D21:G21)),1) | K21: 0 | L21: =IF(NOT(ISNUMBER(C21)),"",TRIM(CONCATENATE(IF(AND('Audit Setup'!$C$20>=C21,'Audit Setup'!$C$20<=C21+4),"⚑ KICKOFF ",""),IF(AND('Audit Setup'!$C$21>=C21,'Audit Setup'!$C$21<=C21+4),"⚑ END OF PLANNING ",""),IF(AND('Audit Setup'!$C$22>=C21,'Audit Setup'!$C$22<=C21+4),"⚑ OUTLINE TO EXEC ",""),IF(AND('Audit Setup'!$C$23>=C21,'Audit Setup'!$C$23<=C21+4),"⚑ ON-TARGET ",""),IF(AND('Audit Setup'!$C$25>=C21,'Audit Setup'!$C$25<=C21+4),"⚑ DRAFT TO EXEC ",""),IF(AND('Audit Setup'!$C$26>=C21,'Audit Setup'!$C$26<=C21+4),"⚑ EXIT CONFERENCE ",""),IF(AND('Audit Setup'!$C$27>=C21,'Audit Setup'!$C$27<=C21+4),"⚑ MGMT RESPONSES DUE ",""),IF(AND('Audit Setup'!$C$32>=C21,'Audit Setup'!$C$32<=C21+4),"⚑ REPORT RELEASE ",""))))
A22: =IF(15<='Audit Setup'!$B$12,"PL-"&15,"") | C22: =C21+7 | D22: 0 | E22: =-COUNTIFS('Holidays & Skeleton'!$B$5:$B$25,">="&C22,'Holidays & Skeleton'!$B$5:$B$25,"<="&(C22+4))*'Audit Setup'!$B$7 | F22: =-COUNTIFS('Holidays & Skeleton'!$B$29:$B$36,">="&C22,'Holidays & Skeleton'!$B$29:$B$36,"<="&(C22+4))*'Audit Setup'!$B$7 | G22: 0 | H22: =CEILING(MAX(0,SUM(D22:G22)),1) | K22: 0 | L22: =IF(NOT(ISNUMBER(C22)),"",TRIM(CONCATENATE(IF(AND('Audit Setup'!$C$20>=C22,'Audit Setup'!$C$20<=C22+4),"⚑ KICKOFF ",""),IF(AND('Audit Setup'!$C$21>=C22,'Audit Setup'!$C$21<=C22+4),"⚑ END OF PLANNING ",""),IF(AND('Audit Setup'!$C$22>=C22,'Audit Setup'!$C$22<=C22+4),"⚑ OUTLINE TO EXEC ",""),IF(AND('Audit Setup'!$C$23>=C22,'Audit Setup'!$C$23<=C22+4),"⚑ ON-TARGET ",""),IF(AND('Audit Setup'!$C$25>=C22,'Audit Setup'!$C$25<=C22+4),"⚑ DRAFT TO EXEC ",""),IF(AND('Audit Setup'!$C$26>=C22,'Audit Setup'!$C$26<=C22+4),"⚑ EXIT CONFERENCE ",""),IF(AND('Audit Setup'!$C$27>=C22,'Audit Setup'!$C$27<=C22+4),"⚑ MGMT RESPONSES DUE ",""),IF(AND('Audit Setup'!$C$32>=C22,'Audit Setup'!$C$32<=C22+4),"⚑ REPORT RELEASE ",""))))
A23: =IF(16<='Audit Setup'!$B$12,"PL-"&16,"") | C23: =C22+7 | D23: 0 | E23: =-COUNTIFS('Holidays & Skeleton'!$B$5:$B$25,">="&C23,'Holidays & Skeleton'!$B$5:$B$25,"<="&(C23+4))*'Audit Setup'!$B$7 | F23: =-COUNTIFS('Holidays & Skeleton'!$B$29:$B$36,">="&C23,'Holidays & Skeleton'!$B$29:$B$36,"<="&(C23+4))*'Audit Setup'!$B$7 | G23: 0 | H23: =CEILING(MAX(0,SUM(D23:G23)),1) | K23: 0 | L23: =IF(NOT(ISNUMBER(C23)),"",TRIM(CONCATENATE(IF(AND('Audit Setup'!$C$20>=C23,'Audit Setup'!$C$20<=C23+4),"⚑ KICKOFF ",""),IF(AND('Audit Setup'!$C$21>=C23,'Audit Setup'!$C$21<=C23+4),"⚑ END OF PLANNING ",""),IF(AND('Audit Setup'!$C$22>=C23,'Audit Setup'!$C$22<=C23+4),"⚑ OUTLINE TO EXEC ",""),IF(AND('Audit Setup'!$C$23>=C23,'Audit Setup'!$C$23<=C23+4),"⚑ ON-TARGET ",""),IF(AND('Audit Setup'!$C$25>=C23,'Audit Setup'!$C$25<=C23+4),"⚑ DRAFT TO EXEC ",""),IF(AND('Audit Setup'!$C$26>=C23,'Audit Setup'!$C$26<=C23+4),"⚑ EXIT CONFERENCE ",""),IF(AND('Audit Setup'!$C$27>=C23,'Audit Setup'!$C$27<=C23+4),"⚑ MGMT RESPONSES DUE ",""),IF(AND('Audit Setup'!$C$32>=C23,'Audit Setup'!$C$32<=C23+4),"⚑ REPORT RELEASE ",""))))
A24: =IF(17<='Audit Setup'!$B$12,"PL-"&17,"") | C24: =C23+7 | D24: 0 | E24: =-COUNTIFS('Holidays & Skeleton'!$B$5:$B$25,">="&C24,'Holidays & Skeleton'!$B$5:$B$25,"<="&(C24+4))*'Audit Setup'!$B$7 | F24: =-COUNTIFS('Holidays & Skeleton'!$B$29:$B$36,">="&C24,'Holidays & Skeleton'!$B$29:$B$36,"<="&(C24+4))*'Audit Setup'!$B$7 | G24: 0 | H24: =CEILING(MAX(0,SUM(D24:G24)),1) | K24: 0 | L24: =IF(NOT(ISNUMBER(C24)),"",TRIM(CONCATENATE(IF(AND('Audit Setup'!$C$20>=C24,'Audit Setup'!$C$20<=C24+4),"⚑ KICKOFF ",""),IF(AND('Audit Setup'!$C$21>=C24,'Audit Setup'!$C$21<=C24+4),"⚑ END OF PLANNING ",""),IF(AND('Audit Setup'!$C$22>=C24,'Audit Setup'!$C$22<=C24+4),"⚑ OUTLINE TO EXEC ",""),IF(AND('Audit Setup'!$C$23>=C24,'Audit Setup'!$C$23<=C24+4),"⚑ ON-TARGET ",""),IF(AND('Audit Setup'!$C$25>=C24,'Audit Setup'!$C$25<=C24+4),"⚑ DRAFT TO EXEC ",""),IF(AND('Audit Setup'!$C$26>=C24,'Audit Setup'!$C$26<=C24+4),"⚑ EXIT CONFERENCE ",""),IF(AND('Audit Setup'!$C$27>=C24,'Audit Setup'!$C$27<=C24+4),"⚑ MGMT RESPONSES DUE ",""),IF(AND('Audit Setup'!$C$32>=C24,'Audit Setup'!$C$32<=C24+4),"⚑ REPORT RELEASE ",""))))
A25: =IF(18<='Audit Setup'!$B$12,"PL-"&18,"") | C25: =C24+7 | D25: 0 | E25: =-COUNTIFS('Holidays & Skeleton'!$B$5:$B$25,">="&C25,'Holidays & Skeleton'!$B$5:$B$25,"<="&(C25+4))*'Audit Setup'!$B$7 | F25: =-COUNTIFS('Holidays & Skeleton'!$B$29:$B$36,">="&C25,'Holidays & Skeleton'!$B$29:$B$36,"<="&(C25+4))*'Audit Setup'!$B$7 | G25: 0 | H25: =CEILING(MAX(0,SUM(D25:G25)),1) | K25: 0 | L25: =IF(NOT(ISNUMBER(C25)),"",TRIM(CONCATENATE(IF(AND('Audit Setup'!$C$20>=C25,'Audit Setup'!$C$20<=C25+4),"⚑ KICKOFF ",""),IF(AND('Audit Setup'!$C$21>=C25,'Audit Setup'!$C$21<=C25+4),"⚑ END OF PLANNING ",""),IF(AND('Audit Setup'!$C$22>=C25,'Audit Setup'!$C$22<=C25+4),"⚑ OUTLINE TO EXEC ",""),IF(AND('Audit Setup'!$C$23>=C25,'Audit Setup'!$C$23<=C25+4),"⚑ ON-TARGET ",""),IF(AND('Audit Setup'!$C$25>=C25,'Audit Setup'!$C$25<=C25+4),"⚑ DRAFT TO EXEC ",""),IF(AND('Audit Setup'!$C$26>=C25,'Audit Setup'!$C$26<=C25+4),"⚑ EXIT CONFERENCE ",""),IF(AND('Audit Setup'!$C$27>=C25,'Audit Setup'!$C$27<=C25+4),"⚑ MGMT RESPONSES DUE ",""),IF(AND('Audit Setup'!$C$32>=C25,'Audit Setup'!$C$32<=C25+4),"⚑ REPORT RELEASE ",""))))
A26: =IF(19<='Audit Setup'!$B$12,"PL-"&19,"") | C26: =C25+7 | D26: 0 | E26: =-COUNTIFS('Holidays & Skeleton'!$B$5:$B$25,">="&C26,'Holidays & Skeleton'!$B$5:$B$25,"<="&(C26+4))*'Audit Setup'!$B$7 | F26: =-COUNTIFS('Holidays & Skeleton'!$B$29:$B$36,">="&C26,'Holidays & Skeleton'!$B$29:$B$36,"<="&(C26+4))*'Audit Setup'!$B$7 | G26: 0 | H26: =CEILING(MAX(0,SUM(D26:G26)),1) | K26: 0 | L26: =IF(NOT(ISNUMBER(C26)),"",TRIM(CONCATENATE(IF(AND('Audit Setup'!$C$20>=C26,'Audit Setup'!$C$20<=C26+4),"⚑ KICKOFF ",""),IF(AND('Audit Setup'!$C$21>=C26,'Audit Setup'!$C$21<=C26+4),"⚑ END OF PLANNING ",""),IF(AND('Audit Setup'!$C$22>=C26,'Audit Setup'!$C$22<=C26+4),"⚑ OUTLINE TO EXEC ",""),IF(AND('Audit Setup'!$C$23>=C26,'Audit Setup'!$C$23<=C26+4),"⚑ ON-TARGET ",""),IF(AND('Audit Setup'!$C$25>=C26,'Audit Setup'!$C$25<=C26+4),"⚑ DRAFT TO EXEC ",""),IF(AND('Audit Setup'!$C$26>=C26,'Audit Setup'!$C$26<=C26+4),"⚑ EXIT CONFERENCE ",""),IF(AND('Audit Setup'!$C$27>=C26,'Audit Setup'!$C$27<=C26+4),"⚑ MGMT RESPONSES DUE ",""),IF(AND('Audit Setup'!$C$32>=C26,'Audit Setup'!$C$32<=C26+4),"⚑ REPORT RELEASE ",""))))
A27: =IF(20<='Audit Setup'!$B$12,"PL-"&20,"") | C27: =C26+7 | D27: 0 | E27: =-COUNTIFS('Holidays & Skeleton'!$B$5:$B$25,">="&C27,'Holidays & Skeleton'!$B$5:$B$25,"<="&(C27+4))*'Audit Setup'!$B$7 | F27: =-COUNTIFS('Holidays & Skeleton'!$B$29:$B$36,">="&C27,'Holidays & Skeleton'!$B$29:$B$36,"<="&(C27+4))*'Audit Setup'!$B$7 | G27: 0 | H27: =CEILING(MAX(0,SUM(D27:G27)),1) | K27: 0 | L27: =IF(NOT(ISNUMBER(C27)),"",TRIM(CONCATENATE(IF(AND('Audit Setup'!$C$20>=C27,'Audit Setup'!$C$20<=C27+4),"⚑ KICKOFF ",""),IF(AND('Audit Setup'!$C$21>=C27,'Audit Setup'!$C$21<=C27+4),"⚑ END OF PLANNING ",""),IF(AND('Audit Setup'!$C$22>=C27,'Audit Setup'!$C$22<=C27+4),"⚑ OUTLINE TO EXEC ",""),IF(AND('Audit Setup'!$C$23>=C27,'Audit Setup'!$C$23<=C27+4),"⚑ ON-TARGET ",""),IF(AND('Audit Setup'!$C$25>=C27,'Audit Setup'!$C$25<=C27+4),"⚑ DRAFT TO EXEC ",""),IF(AND('Audit Setup'!$C$26>=C27,'Audit Setup'!$C$26<=C27+4),"⚑ EXIT CONFERENCE ",""),IF(AND('Audit Setup'!$C$27>=C27,'Audit Setup'!$C$27<=C27+4),"⚑ MGMT RESPONSES DUE ",""),IF(AND('Audit Setup'!$C$32>=C27,'Audit Setup'!$C$32<=C27+4),"⚑ REPORT RELEASE ",""))))
A28: =IF(21<='Audit Setup'!$B$12,"PL-"&21,"") | C28: =C27+7 | D28: 0 | E28: =-COUNTIFS('Holidays & Skeleton'!$B$5:$B$25,">="&C28,'Holidays & Skeleton'!$B$5:$B$25,"<="&(C28+4))*'Audit Setup'!$B$7 | F28: =-COUNTIFS('Holidays & Skeleton'!$B$29:$B$36,">="&C28,'Holidays & Skeleton'!$B$29:$B$36,"<="&(C28+4))*'Audit Setup'!$B$7 | G28: 0 | H28: =CEILING(MAX(0,SUM(D28:G28)),1) | K28: 0 | L28: =IF(NOT(ISNUMBER(C28)),"",TRIM(CONCATENATE(IF(AND('Audit Setup'!$C$20>=C28,'Audit Setup'!$C$20<=C28+4),"⚑ KICKOFF ",""),IF(AND('Audit Setup'!$C$21>=C28,'Audit Setup'!$C$21<=C28+4),"⚑ END OF PLANNING ",""),IF(AND('Audit Setup'!$C$22>=C28,'Audit Setup'!$C$22<=C28+4),"⚑ OUTLINE TO EXEC ",""),IF(AND('Audit Setup'!$C$23>=C28,'Audit Setup'!$C$23<=C28+4),"⚑ ON-TARGET ",""),IF(AND('Audit Setup'!$C$25>=C28,'Audit Setup'!$C$25<=C28+4),"⚑ DRAFT TO EXEC ",""),IF(AND('Audit Setup'!$C$26>=C28,'Audit Setup'!$C$26<=C28+4),"⚑ EXIT CONFERENCE ",""),IF(AND('Audit Setup'!$C$27>=C28,'Audit Setup'!$C$27<=C28+4),"⚑ MGMT RESPONSES DUE ",""),IF(AND('Audit Setup'!$C$32>=C28,'Audit Setup'!$C$32<=C28+4),"⚑ REPORT RELEASE ",""))))
A29: =IF(22<='Audit Setup'!$B$12,"PL-"&22,"") | C29: =C28+7 | D29: 0 | E29: =-COUNTIFS('Holidays & Skeleton'!$B$5:$B$25,">="&C29,'Holidays & Skeleton'!$B$5:$B$25,"<="&(C29+4))*'Audit Setup'!$B$7 | F29: =-COUNTIFS('Holidays & Skeleton'!$B$29:$B$36,">="&C29,'Holidays & Skeleton'!$B$29:$B$36,"<="&(C29+4))*'Audit Setup'!$B$7 | G29: 0 | H29: =CEILING(MAX(0,SUM(D29:G29)),1) | K29: 0 | L29: =IF(NOT(ISNUMBER(C29)),"",TRIM(CONCATENATE(IF(AND('Audit Setup'!$C$20>=C29,'Audit Setup'!$C$20<=C29+4),"⚑ KICKOFF ",""),IF(AND('Audit Setup'!$C$21>=C29,'Audit Setup'!$C$21<=C29+4),"⚑ END OF PLANNING ",""),IF(AND('Audit Setup'!$C$22>=C29,'Audit Setup'!$C$22<=C29+4),"⚑ OUTLINE TO EXEC ",""),IF(AND('Audit Setup'!$C$23>=C29,'Audit Setup'!$C$23<=C29+4),"⚑ ON-TARGET ",""),IF(AND('Audit Setup'!$C$25>=C29,'Audit Setup'!$C$25<=C29+4),"⚑ DRAFT TO EXEC ",""),IF(AND('Audit Setup'!$C$26>=C29,'Audit Setup'!$C$26<=C29+4),"⚑ EXIT CONFERENCE ",""),IF(AND('Audit Setup'!$C$27>=C29,'Audit Setup'!$C$27<=C29+4),"⚑ MGMT RESPONSES DUE ",""),IF(AND('Audit Setup'!$C$32>=C29,'Audit Setup'!$C$32<=C29+4),"⚑ REPORT RELEASE ",""))))
A30: =IF(23<='Audit Setup'!$B$12,"PL-"&23,"") | C30: =C29+7 | D30: 0 | E30: =-COUNTIFS('Holidays & Skeleton'!$B$5:$B$25,">="&C30,'Holidays & Skeleton'!$B$5:$B$25,"<="&(C30+4))*'Audit Setup'!$B$7 | F30: =-COUNTIFS('Holidays & Skeleton'!$B$29:$B$36,">="&C30,'Holidays & Skeleton'!$B$29:$B$36,"<="&(C30+4))*'Audit Setup'!$B$7 | G30: 0 | H30: =CEILING(MAX(0,SUM(D30:G30)),1) | K30: 0 | L30: =IF(NOT(ISNUMBER(C30)),"",TRIM(CONCATENATE(IF(AND('Audit Setup'!$C$20>=C30,'Audit Setup'!$C$20<=C30+4),"⚑ KICKOFF ",""),IF(AND('Audit Setup'!$C$21>=C30,'Audit Setup'!$C$21<=C30+4),"⚑ END OF PLANNING ",""),IF(AND('Audit Setup'!$C$22>=C30,'Audit Setup'!$C$22<=C30+4),"⚑ OUTLINE TO EXEC ",""),IF(AND('Audit Setup'!$C$23>=C30,'Audit Setup'!$C$23<=C30+4),"⚑ ON-TARGET ",""),IF(AND('Audit Setup'!$C$25>=C30,'Audit Setup'!$C$25<=C30+4),"⚑ DRAFT TO EXEC ",""),IF(AND('Audit Setup'!$C$26>=C30,'Audit Setup'!$C$26<=C30+4),"⚑ EXIT CONFERENCE ",""),IF(AND('Audit Setup'!$C$27>=C30,'Audit Setup'!$C$27<=C30+4),"⚑ MGMT RESPONSES DUE ",""),IF(AND('Audit Setup'!$C$32>=C30,'Audit Setup'!$C$32<=C30+4),"⚑ REPORT RELEASE ",""))))
A31: =IF(24<='Audit Setup'!$B$12,"PL-"&24,"") | C31: =C30+7 | D31: 0 | E31: =-COUNTIFS('Holidays & Skeleton'!$B$5:$B$25,">="&C31,'Holidays & Skeleton'!$B$5:$B$25,"<="&(C31+4))*'Audit Setup'!$B$7 | F31: =-COUNTIFS('Holidays & Skeleton'!$B$29:$B$36,">="&C31,'Holidays & Skeleton'!$B$29:$B$36,"<="&(C31+4))*'Audit Setup'!$B$7 | G31: 0 | H31: =CEILING(MAX(0,SUM(D31:G31)),1) | K31: 0 | L31: =IF(NOT(ISNUMBER(C31)),"",TRIM(CONCATENATE(IF(AND('Audit Setup'!$C$20>=C31,'Audit Setup'!$C$20<=C31+4),"⚑ KICKOFF ",""),IF(AND('Audit Setup'!$C$21>=C31,'Audit Setup'!$C$21<=C31+4),"⚑ END OF PLANNING ",""),IF(AND('Audit Setup'!$C$22>=C31,'Audit Setup'!$C$22<=C31+4),"⚑ OUTLINE TO EXEC ",""),IF(AND('Audit Setup'!$C$23>=C31,'Audit Setup'!$C$23<=C31+4),"⚑ ON-TARGET ",""),IF(AND('Audit Setup'!$C$25>=C31,'Audit Setup'!$C$25<=C31+4),"⚑ DRAFT TO EXEC ",""),IF(AND('Audit Setup'!$C$26>=C31,'Audit Setup'!$C$26<=C31+4),"⚑ EXIT CONFERENCE ",""),IF(AND('Audit Setup'!$C$27>=C31,'Audit Setup'!$C$27<=C31+4),"⚑ MGMT RESPONSES DUE ",""),IF(AND('Audit Setup'!$C$32>=C31,'Audit Setup'!$C$32<=C31+4),"⚑ REPORT RELEASE ",""))))
A32: =IF(25<='Audit Setup'!$B$12,"PL-"&25,"") | C32: =C31+7 | D32: 0 | E32: =-COUNTIFS('Holidays & Skeleton'!$B$5:$B$25,">="&C32,'Holidays & Skeleton'!$B$5:$B$25,"<="&(C32+4))*'Audit Setup'!$B$7 | F32: =-COUNTIFS('Holidays & Skeleton'!$B$29:$B$36,">="&C32,'Holidays & Skeleton'!$B$29:$B$36,"<="&(C32+4))*'Audit Setup'!$B$7 | G32: 0 | H32: =CEILING(MAX(0,SUM(D32:G32)),1) | K32: 0 | L32: =IF(NOT(ISNUMBER(C32)),"",TRIM(CONCATENATE(IF(AND('Audit Setup'!$C$20>=C32,'Audit Setup'!$C$20<=C32+4),"⚑ KICKOFF ",""),IF(AND('Audit Setup'!$C$21>=C32,'Audit Setup'!$C$21<=C32+4),"⚑ END OF PLANNING ",""),IF(AND('Audit Setup'!$C$22>=C32,'Audit Setup'!$C$22<=C32+4),"⚑ OUTLINE TO EXEC ",""),IF(AND('Audit Setup'!$C$23>=C32,'Audit Setup'!$C$23<=C32+4),"⚑ ON-TARGET ",""),IF(AND('Audit Setup'!$C$25>=C32,'Audit Setup'!$C$25<=C32+4),"⚑ DRAFT TO EXEC ",""),IF(AND('Audit Setup'!$C$26>=C32,'Audit Setup'!$C$26<=C32+4),"⚑ EXIT CONFERENCE ",""),IF(AND('Audit Setup'!$C$27>=C32,'Audit Setup'!$C$27<=C32+4),"⚑ MGMT RESPONSES DUE ",""),IF(AND('Audit Setup'!$C$32>=C32,'Audit Setup'!$C$32<=C32+4),"⚑ REPORT RELEASE ",""))))
A33: =" FIELDWORK - Weeks "&('Audit Setup'!$B$12+1)&"-"&('Audit Setup'!$B$12+'Audit Setup'!$B$13)
A34: =IF(1<='Audit Setup'!$B$13,"FW-"&1,"") | C34: ='Audit Setup'!$C$13 | D34: 0 | E34: =-COUNTIFS('Holidays & Skeleton'!$B$5:$B$25,">="&C34,'Holidays & Skeleton'!$B$5:$B$25,"<="&(C34+4))*'Audit Setup'!$B$7 | F34: =-COUNTIFS('Holidays & Skeleton'!$B$29:$B$36,">="&C34,'Holidays & Skeleton'!$B$29:$B$36,"<="&(C34+4))*'Audit Setup'!$B$7 | G34: 0 | H34: =CEILING(MAX(0,SUM(D34:G34)),1) | K34: 0 | L34: =IF(NOT(ISNUMBER(C34)),"",TRIM(CONCATENATE(IF(AND('Audit Setup'!$C$20>=C34,'Audit Setup'!$C$20<=C34+4),"⚑ KICKOFF ",""),IF(AND('Audit Setup'!$C$21>=C34,'Audit Setup'!$C$21<=C34+4),"⚑ END OF PLANNING ",""),IF(AND('Audit Setup'!$C$22>=C34,'Audit Setup'!$C$22<=C34+4),"⚑ OUTLINE TO EXEC ",""),IF(AND('Audit Setup'!$C$23>=C34,'Audit Setup'!$C$23<=C34+4),"⚑ ON-TARGET ",""),IF(AND('Audit Setup'!$C$25>=C34,'Audit Setup'!$C$25<=C34+4),"⚑ DRAFT TO EXEC ",""),IF(AND('Audit Setup'!$C$26>=C34,'Audit Setup'!$C$26<=C34+4),"⚑ EXIT CONFERENCE ",""),IF(AND('Audit Setup'!$C$27>=C34,'Audit Setup'!$C$27<=C34+4),"⚑ MGMT RESPONSES DUE ",""),IF(AND('Audit Setup'!$C$32>=C34,'Audit Setup'!$C$32<=C34+4),"⚑ REPORT RELEASE ",""))))
A35: =IF(2<='Audit Setup'!$B$13,"FW-"&2,"") | C35: =C34+7 | D35: 0 | E35: =-COUNTIFS('Holidays & Skeleton'!$B$5:$B$25,">="&C35,'Holidays & Skeleton'!$B$5:$B$25,"<="&(C35+4))*'Audit Setup'!$B$7 | F35: =-COUNTIFS('Holidays & Skeleton'!$B$29:$B$36,">="&C35,'Holidays & Skeleton'!$B$29:$B$36,"<="&(C35+4))*'Audit Setup'!$B$7 | G35: 0 | H35: =CEILING(MAX(0,SUM(D35:G35)),1) | K35: 0 | L35: =IF(NOT(ISNUMBER(C35)),"",TRIM(CONCATENATE(IF(AND('Audit Setup'!$C$20>=C35,'Audit Setup'!$C$20<=C35+4),"⚑ KICKOFF ",""),IF(AND('Audit Setup'!$C$21>=C35,'Audit Setup'!$C$21<=C35+4),"⚑ END OF PLANNING ",""),IF(AND('Audit Setup'!$C$22>=C35,'Audit Setup'!$C$22<=C35+4),"⚑ OUTLINE TO EXEC ",""),IF(AND('Audit Setup'!$C$23>=C35,'Audit Setup'!$C$23<=C35+4),"⚑ ON-TARGET ",""),IF(AND('Audit Setup'!$C$25>=C35,'Audit Setup'!$C$25<=C35+4),"⚑ DRAFT TO EXEC ",""),IF(AND('Audit Setup'!$C$26>=C35,'Audit Setup'!$C$26<=C35+4),"⚑ EXIT CONFERENCE ",""),IF(AND('Audit Setup'!$C$27>=C35,'Audit Setup'!$C$27<=C35+4),"⚑ MGMT RESPONSES DUE ",""),IF(AND('Audit Setup'!$C$32>=C35,'Audit Setup'!$C$32<=C35+4),"⚑ REPORT RELEASE ",""))))
A36: =IF(3<='Audit Setup'!$B$13,"FW-"&3,"") | C36: =C35+7 | D36: 0 | E36: =-COUNTIFS('Holidays & Skeleton'!$B$5:$B$25,">="&C36,'Holidays & Skeleton'!$B$5:$B$25,"<="&(C36+4))*'Audit Setup'!$B$7 | F36: =-COUNTIFS('Holidays & Skeleton'!$B$29:$B$36,">="&C36,'Holidays & Skeleton'!$B$29:$B$36,"<="&(C36+4))*'Audit Setup'!$B$7 | G36: 0 | H36: =CEILING(MAX(0,SUM(D36:G36)),1) | K36: 0 | L36: =IF(NOT(ISNUMBER(C36)),"",TRIM(CONCATENATE(IF(AND('Audit Setup'!$C$20>=C36,'Audit Setup'!$C$20<=C36+4),"⚑ KICKOFF ",""),IF(AND('Audit Setup'!$C$21>=C36,'Audit Setup'!$C$21<=C36+4),"⚑ END OF PLANNING ",""),IF(AND('Audit Setup'!$C$22>=C36,'Audit Setup'!$C$22<=C36+4),"⚑ OUTLINE TO EXEC ",""),IF(AND('Audit Setup'!$C$23>=C36,'Audit Setup'!$C$23<=C36+4),"⚑ ON-TARGET ",""),IF(AND('Audit Setup'!$C$25>=C36,'Audit Setup'!$C$25<=C36+4),"⚑ DRAFT TO EXEC ",""),IF(AND('Audit Setup'!$C$26>=C36,'Audit Setup'!$C$26<=C36+4),"⚑ EXIT CONFERENCE ",""),IF(AND('Audit Setup'!$C$27>=C36,'Audit Setup'!$C$27<=C36+4),"⚑ MGMT RESPONSES DUE ",""),IF(AND('Audit Setup'!$C$32>=C36,'Audit Setup'!$C$32<=C36+4),"⚑ REPORT RELEASE ",""))))
A37: =IF(4<='Audit Setup'!$B$13,"FW-"&4,"") | C37: =C36+7 | D37: 0 | E37: =-COUNTIFS('Holidays & Skeleton'!$B$5:$B$25,">="&C37,'Holidays & Skeleton'!$B$5:$B$25,"<="&(C37+4))*'Audit Setup'!$B$7 | F37: =-COUNTIFS('Holidays & Skeleton'!$B$29:$B$36,">="&C37,'Holidays & Skeleton'!$B$29:$B$36,"<="&(C37+4))*'Audit Setup'!$B$7 | G37: 0 | H37: =CEILING(MAX(0,SUM(D37:G37)),1) | K37: 0 | L37: =IF(NOT(ISNUMBER(C37)),"",TRIM(CONCATENATE(IF(AND('Audit Setup'!$C$20>=C37,'Audit Setup'!$C$20<=C37+4),"⚑ KICKOFF ",""),IF(AND('Audit Setup'!$C$21>=C37,'Audit Setup'!$C$21<=C37+4),"⚑ END OF PLANNING ",""),IF(AND('Audit Setup'!$C$22>=C37,'Audit Setup'!$C$22<=C37+4),"⚑ OUTLINE TO EXEC ",""),IF(AND('Audit Setup'!$C$23>=C37,'Audit Setup'!$C$23<=C37+4),"⚑ ON-TARGET ",""),IF(AND('Audit Setup'!$C$25>=C37,'Audit Setup'!$C$25<=C37+4),"⚑ DRAFT TO EXEC ",""),IF(AND('Audit Setup'!$C$26>=C37,'Audit Setup'!$C$26<=C37+4),"⚑ EXIT CONFERENCE ",""),IF(AND('Audit Setup'!$C$27>=C37,'Audit Setup'!$C$27<=C37+4),"⚑ MGMT RESPONSES DUE ",""),IF(AND('Audit Setup'!$C$32>=C37,'Audit Setup'!$C$32<=C37+4),"⚑ REPORT RELEASE ",""))))
A38: =IF(5<='Audit Setup'!$B$13,"FW-"&5,"") | C38: =C37+7 | D38: 0 | E38: =-COUNTIFS('Holidays & Skeleton'!$B$5:$B$25,">="&C38,'Holidays & Skeleton'!$B$5:$B$25,"<="&(C38+4))*'Audit Setup'!$B$7 | F38: =-COUNTIFS('Holidays & Skeleton'!$B$29:$B$36,">="&C38,'Holidays & Skeleton'!$B$29:$B$36,"<="&(C38+4))*'Audit Setup'!$B$7 | G38: 0 | H38: =CEILING(MAX(0,SUM(D38:G38)),1) | K38: 0 | L38: =IF(NOT(ISNUMBER(C38)),"",TRIM(CONCATENATE(IF(AND('Audit Setup'!$C$20>=C38,'Audit Setup'!$C$20<=C38+4),"⚑ KICKOFF ",""),IF(AND('Audit Setup'!$C$21>=C38,'Audit Setup'!$C$21<=C38+4),"⚑ END OF PLANNING ",""),IF(AND('Audit Setup'!$C$22>=C38,'Audit Setup'!$C$22<=C38+4),"⚑ OUTLINE TO EXEC ",""),IF(AND('Audit Setup'!$C$23>=C38,'Audit Setup'!$C$23<=C38+4),"⚑ ON-TARGET ",""),IF(AND('Audit Setup'!$C$25>=C38,'Audit Setup'!$C$25<=C38+4),"⚑ DRAFT TO EXEC ",""),IF(AND('Audit Setup'!$C$26>=C38,'Audit Setup'!$C$26<=C38+4),"⚑ EXIT CONFERENCE ",""),IF(AND('Audit Setup'!$C$27>=C38,'Audit Setup'!$C$27<=C38+4),"⚑ MGMT RESPONSES DUE ",""),IF(AND('Audit Setup'!$C$32>=C38,'Audit Setup'!$C$32<=C38+4),"⚑ REPORT RELEASE ",""))))
A39: =IF(6<='Audit Setup'!$B$13,"FW-"&6,"") | C39: =C38+7 | D39: 0 | E39: =-COUNTIFS('Holidays & Skeleton'!$B$5:$B$25,">="&C39,'Holidays & Skeleton'!$B$5:$B$25,"<="&(C39+4))*'Audit Setup'!$B$7 | F39: =-COUNTIFS('Holidays & Skeleton'!$B$29:$B$36,">="&C39,'Holidays & Skeleton'!$B$29:$B$36,"<="&(C39+4))*'Audit Setup'!$B$7 | G39: 0 | H39: =CEILING(MAX(0,SUM(D39:G39)),1) | K39: 0 | L39: =IF(NOT(ISNUMBER(C39)),"",TRIM(CONCATENATE(IF(AND('Audit Setup'!$C$20>=C39,'Audit Setup'!$C$20<=C39+4),"⚑ KICKOFF ",""),IF(AND('Audit Setup'!$C$21>=C39,'Audit Setup'!$C$21<=C39+4),"⚑ END OF PLANNING ",""),IF(AND('Audit Setup'!$C$22>=C39,'Audit Setup'!$C$22<=C39+4),"⚑ OUTLINE TO EXEC ",""),IF(AND('Audit Setup'!$C$23>=C39,'Audit Setup'!$C$23<=C39+4),"⚑ ON-TARGET ",""),IF(AND('Audit Setup'!$C$25>=C39,'Audit Setup'!$C$25<=C39+4),"⚑ DRAFT TO EXEC ",""),IF(AND('Audit Setup'!$C$26>=C39,'Audit Setup'!$C$26<=C39+4),"⚑ EXIT CONFERENCE ",""),IF(AND('Audit Setup'!$C$27>=C39,'Audit Setup'!$C$27<=C39+4),"⚑ MGMT RESPONSES DUE ",""),IF(AND('Audit Setup'!$C$32>=C39,'Audit Setup'!$C$32<=C39+4),"⚑ REPORT RELEASE ",""))))
A40: =IF(7<='Audit Setup'!$B$13,"FW-"&7,"") | C40: =C39+7 | D40: 0 | E40: =-COUNTIFS('Holidays & Skeleton'!$B$5:$B$25,">="&C40,'Holidays & Skeleton'!$B$5:$B$25,"<="&(C40+4))*'Audit Setup'!$B$7 | F40: =-COUNTIFS('Holidays & Skeleton'!$B$29:$B$36,">="&C40,'Holidays & Skeleton'!$B$29:$B$36,"<="&(C40+4))*'Audit Setup'!$B$7 | G40: 0 | H40: =CEILING(MAX(0,SUM(D40:G40)),1) | K40: 0 | L40: =IF(NOT(ISNUMBER(C40)),"",TRIM(CONCATENATE(IF(AND('Audit Setup'!$C$20>=C40,'Audit Setup'!$C$20<=C40+4),"⚑ KICKOFF ",""),IF(AND('Audit Setup'!$C$21>=C40,'Audit Setup'!$C$21<=C40+4),"⚑ END OF PLANNING ",""),IF(AND('Audit Setup'!$C$22>=C40,'Audit Setup'!$C$22<=C40+4),"⚑ OUTLINE TO EXEC ",""),IF(AND('Audit Setup'!$C$23>=C40,'Audit Setup'!$C$23<=C40+4),"⚑ ON-TARGET ",""),IF(AND('Audit Setup'!$C$25>=C40,'Audit Setup'!$C$25<=C40+4),"⚑ DRAFT TO EXEC ",""),IF(AND('Audit Setup'!$C$26>=C40,'Audit Setup'!$C$26<=C40+4),"⚑ EXIT CONFERENCE ",""),IF(AND('Audit Setup'!$C$27>=C40,'Audit Setup'!$C$27<=C40+4),"⚑ MGMT RESPONSES DUE ",""),IF(AND('Audit Setup'!$C$32>=C40,'Audit Setup'!$C$32<=C40+4),"⚑ REPORT RELEASE ",""))))
A41: =IF(8<='Audit Setup'!$B$13,"FW-"&8,"") | C41: =C40+7 | D41: 0 | E41: =-COUNTIFS('Holidays & Skeleton'!$B$5:$B$25,">="&C41,'Holidays & Skeleton'!$B$5:$B$25,"<="&(C41+4))*'Audit Setup'!$B$7 | F41: =-COUNTIFS('Holidays & Skeleton'!$B$29:$B$36,">="&C41,'Holidays & Skeleton'!$B$29:$B$36,"<="&(C41+4))*'Audit Setup'!$B$7 | G41: 0 | H41: =CEILING(MAX(0,SUM(D41:G41)),1) | K41: 0 | L41: =IF(NOT(ISNUMBER(C41)),"",TRIM(CONCATENATE(IF(AND('Audit Setup'!$C$20>=C41,'Audit Setup'!$C$20<=C41+4),"⚑ KICKOFF ",""),IF(AND('Audit Setup'!$C$21>=C41,'Audit Setup'!$C$21<=C41+4),"⚑ END OF PLANNING ",""),IF(AND('Audit Setup'!$C$22>=C41,'Audit Setup'!$C$22<=C41+4),"⚑ OUTLINE TO EXEC ",""),IF(AND('Audit Setup'!$C$23>=C41,'Audit Setup'!$C$23<=C41+4),"⚑ ON-TARGET ",""),IF(AND('Audit Setup'!$C$25>=C41,'Audit Setup'!$C$25<=C41+4),"⚑ DRAFT TO EXEC ",""),IF(AND('Audit Setup'!$C$26>=C41,'Audit Setup'!$C$26<=C41+4),"⚑ EXIT CONFERENCE ",""),IF(AND('Audit Setup'!$C$27>=C41,'Audit Setup'!$C$27<=C41+4),"⚑ MGMT RESPONSES DUE ",""),IF(AND('Audit Setup'!$C$32>=C41,'Audit Setup'!$C$32<=C41+4),"⚑ REPORT RELEASE ",""))))
A42: =IF(9<='Audit Setup'!$B$13,"FW-"&9,"") | C42: =C41+7 | D42: 0 | E42: =-COUNTIFS('Holidays & Skeleton'!$B$5:$B$25,">="&C42,'Holidays & Skeleton'!$B$5:$B$25,"<="&(C42+4))*'Audit Setup'!$B$7 | F42: =-COUNTIFS('Holidays & Skeleton'!$B$29:$B$36,">="&C42,'Holidays & Skeleton'!$B$29:$B$36,"<="&(C42+4))*'Audit Setup'!$B$7 | G42: 0 | H42: =CEILING(MAX(0,SUM(D42:G42)),1) | K42: 0 | L42: =IF(NOT(ISNUMBER(C42)),"",TRIM(CONCATENATE(IF(AND('Audit Setup'!$C$20>=C42,'Audit Setup'!$C$20<=C42+4),"⚑ KICKOFF ",""),IF(AND('Audit Setup'!$C$21>=C42,'Audit Setup'!$C$21<=C42+4),"⚑ END OF PLANNING ",""),IF(AND('Audit Setup'!$C$22>=C42,'Audit Setup'!$C$22<=C42+4),"⚑ OUTLINE TO EXEC ",""),IF(AND('Audit Setup'!$C$23>=C42,'Audit Setup'!$C$23<=C42+4),"⚑ ON-TARGET ",""),IF(AND('Audit Setup'!$C$25>=C42,'Audit Setup'!$C$25<=C42+4),"⚑ DRAFT TO EXEC ",""),IF(AND('Audit Setup'!$C$26>=C42,'Audit Setup'!$C$26<=C42+4),"⚑ EXIT CONFERENCE ",""),IF(AND('Audit Setup'!$C$27>=C42,'Audit Setup'!$C$27<=C42+4),"⚑ MGMT RESPONSES DUE ",""),IF(AND('Audit Setup'!$C$32>=C42,'Audit Setup'!$C$32<=C42+4),"⚑ REPORT RELEASE ",""))))
A43: =IF(10<='Audit Setup'!$B$13,"FW-"&10,"") | C43: =C42+7 | D43: 0 | E43: =-COUNTIFS('Holidays & Skeleton'!$B$5:$B$25,">="&C43,'Holidays & Skeleton'!$B$5:$B$25,"<="&(C43+4))*'Audit Setup'!$B$7 | F43: =-COUNTIFS('Holidays & Skeleton'!$B$29:$B$36,">="&C43,'Holidays & Skeleton'!$B$29:$B$36,"<="&(C43+4))*'Audit Setup'!$B$7 | G43: 0 | H43: =CEILING(MAX(0,SUM(D43:G43)),1) | K43: 0 | L43: =IF(NOT(ISNUMBER(C43)),"",TRIM(CONCATENATE(IF(AND('Audit Setup'!$C$20>=C43,'Audit Setup'!$C$20<=C43+4),"⚑ KICKOFF ",""),IF(AND('Audit Setup'!$C$21>=C43,'Audit Setup'!$C$21<=C43+4),"⚑ END OF PLANNING ",""),IF(AND('Audit Setup'!$C$22>=C43,'Audit Setup'!$C$22<=C43+4),"⚑ OUTLINE TO EXEC ",""),IF(AND('Audit Setup'!$C$23>=C43,'Audit Setup'!$C$23<=C43+4),"⚑ ON-TARGET ",""),IF(AND('Audit Setup'!$C$25>=C43,'Audit Setup'!$C$25<=C43+4),"⚑ DRAFT TO EXEC ",""),IF(AND('Audit Setup'!$C$26>=C43,'Audit Setup'!$C$26<=C43+4),"⚑ EXIT CONFERENCE ",""),IF(AND('Audit Setup'!$C$27>=C43,'Audit Setup'!$C$27<=C43+4),"⚑ MGMT RESPONSES DUE ",""),IF(AND('Audit Setup'!$C$32>=C43,'Audit Setup'!$C$32<=C43+4),"⚑ REPORT RELEASE ",""))))
A44: =IF(11<='Audit Setup'!$B$13,"FW-"&11,"") | C44: =C43+7 | D44: 0 | E44: =-COUNTIFS('Holidays & Skeleton'!$B$5:$B$25,">="&C44,'Holidays & Skeleton'!$B$5:$B$25,"<="&(C44+4))*'Audit Setup'!$B$7 | F44: =-COUNTIFS('Holidays & Skeleton'!$B$29:$B$36,">="&C44,'Holidays & Skeleton'!$B$29:$B$36,"<="&(C44+4))*'Audit Setup'!$B$7 | G44: 0 | H44: =CEILING(MAX(0,SUM(D44:G44)),1) | K44: 0 | L44: =IF(NOT(ISNUMBER(C44)),"",TRIM(CONCATENATE(IF(AND('Audit Setup'!$C$20>=C44,'Audit Setup'!$C$20<=C44+4),"⚑ KICKOFF ",""),IF(AND('Audit Setup'!$C$21>=C44,'Audit Setup'!$C$21<=C44+4),"⚑ END OF PLANNING ",""),IF(AND('Audit Setup'!$C$22>=C44,'Audit Setup'!$C$22<=C44+4),"⚑ OUTLINE TO EXEC ",""),IF(AND('Audit Setup'!$C$23>=C44,'Audit Setup'!$C$23<=C44+4),"⚑ ON-TARGET ",""),IF(AND('Audit Setup'!$C$25>=C44,'Audit Setup'!$C$25<=C44+4),"⚑ DRAFT TO EXEC ",""),IF(AND('Audit Setup'!$C$26>=C44,'Audit Setup'!$C$26<=C44+4),"⚑ EXIT CONFERENCE ",""),IF(AND('Audit Setup'!$C$27>=C44,'Audit Setup'!$C$27<=C44+4),"⚑ MGMT RESPONSES DUE ",""),IF(AND('Audit Setup'!$C$32>=C44,'Audit Setup'!$C$32<=C44+4),"⚑ REPORT RELEASE ",""))))
A45: =IF(12<='Audit Setup'!$B$13,"FW-"&12,"") | C45: =C44+7 | D45: 0 | E45: =-COUNTIFS('Holidays & Skeleton'!$B$5:$B$25,">="&C45,'Holidays & Skeleton'!$B$5:$B$25,"<="&(C45+4))*'Audit Setup'!$B$7 | F45: =-COUNTIFS('Holidays & Skeleton'!$B$29:$B$36,">="&C45,'Holidays & Skeleton'!$B$29:$B$36,"<="&(C45+4))*'Audit Setup'!$B$7 | G45: 0 | H45: =CEILING(MAX(0,SUM(D45:G45)),1) | K45: 0 | L45: =IF(NOT(ISNUMBER(C45)),"",TRIM(CONCATENATE(IF(AND('Audit Setup'!$C$20>=C45,'Audit Setup'!$C$20<=C45+4),"⚑ KICKOFF ",""),IF(AND('Audit Setup'!$C$21>=C45,'Audit Setup'!$C$21<=C45+4),"⚑ END OF PLANNING ",""),IF(AND('Audit Setup'!$C$22>=C45,'Audit Setup'!$C$22<=C45+4),"⚑ OUTLINE TO EXEC ",""),IF(AND('Audit Setup'!$C$23>=C45,'Audit Setup'!$C$23<=C45+4),"⚑ ON-TARGET ",""),IF(AND('Audit Setup'!$C$25>=C45,'Audit Setup'!$C$25<=C45+4),"⚑ DRAFT TO EXEC ",""),IF(AND('Audit Setup'!$C$26>=C45,'Audit Setup'!$C$26<=C45+4),"⚑ EXIT CONFERENCE ",""),IF(AND('Audit Setup'!$C$27>=C45,'Audit Setup'!$C$27<=C45+4),"⚑ MGMT RESPONSES DUE ",""),IF(AND('Audit Setup'!$C$32>=C45,'Audit Setup'!$C$32<=C45+4),"⚑ REPORT RELEASE ",""))))
A46: =IF(13<='Audit Setup'!$B$13,"FW-"&13,"") | C46: =C45+7 | D46: 0 | E46: =-COUNTIFS('Holidays & Skeleton'!$B$5:$B$25,">="&C46,'Holidays & Skeleton'!$B$5:$B$25,"<="&(C46+4))*'Audit Setup'!$B$7 | F46: =-COUNTIFS('Holidays & Skeleton'!$B$29:$B$36,">="&C46,'Holidays & Skeleton'!$B$29:$B$36,"<="&(C46+4))*'Audit Setup'!$B$7 | G46: 0 | H46: =CEILING(MAX(0,SUM(D46:G46)),1) | K46: 0 | L46: =IF(NOT(ISNUMBER(C46)),"",TRIM(CONCATENATE(IF(AND('Audit Setup'!$C$20>=C46,'Audit Setup'!$C$20<=C46+4),"⚑ KICKOFF ",""),IF(AND('Audit Setup'!$C$21>=C46,'Audit Setup'!$C$21<=C46+4),"⚑ END OF PLANNING ",""),IF(AND('Audit Setup'!$C$22>=C46,'Audit Setup'!$C$22<=C46+4),"⚑ OUTLINE TO EXEC ",""),IF(AND('Audit Setup'!$C$23>=C46,'Audit Setup'!$C$23<=C46+4),"⚑ ON-TARGET ",""),IF(AND('Audit Setup'!$C$25>=C46,'Audit Setup'!$C$25<=C46+4),"⚑ DRAFT TO EXEC ",""),IF(AND('Audit Setup'!$C$26>=C46,'Audit Setup'!$C$26<=C46+4),"⚑ EXIT CONFERENCE ",""),IF(AND('Audit Setup'!$C$27>=C46,'Audit Setup'!$C$27<=C46+4),"⚑ MGMT RESPONSES DUE ",""),IF(AND('Audit Setup'!$C$32>=C46,'Audit Setup'!$C$32<=C46+4),"⚑ REPORT RELEASE ",""))))
A47: =IF(14<='Audit Setup'!$B$13,"FW-"&14,"") | C47: =C46+7 | D47: 0 | E47: =-COUNTIFS('Holidays & Skeleton'!$B$5:$B$25,">="&C47,'Holidays & Skeleton'!$B$5:$B$25,"<="&(C47+4))*'Audit Setup'!$B$7 | F47: =-COUNTIFS('Holidays & Skeleton'!$B$29:$B$36,">="&C47,'Holidays & Skeleton'!$B$29:$B$36,"<="&(C47+4))*'Audit Setup'!$B$7 | G47: 0 | H47: =CEILING(MAX(0,SUM(D47:G47)),1) | K47: 0 | L47: =IF(NOT(ISNUMBER(C47)),"",TRIM(CONCATENATE(IF(AND('Audit Setup'!$C$20>=C47,'Audit Setup'!$C$20<=C47+4),"⚑ KICKOFF ",""),IF(AND('Audit Setup'!$C$21>=C47,'Audit Setup'!$C$21<=C47+4),"⚑ END OF PLANNING ",""),IF(AND('Audit Setup'!$C$22>=C47,'Audit Setup'!$C$22<=C47+4),"⚑ OUTLINE TO EXEC ",""),IF(AND('Audit Setup'!$C$23>=C47,'Audit Setup'!$C$23<=C47+4),"⚑ ON-TARGET ",""),IF(AND('Audit Setup'!$C$25>=C47,'Audit Setup'!$C$25<=C47+4),"⚑ DRAFT TO EXEC ",""),IF(AND('Audit Setup'!$C$26>=C47,'Audit Setup'!$C$26<=C47+4),"⚑ EXIT CONFERENCE ",""),IF(AND('Audit Setup'!$C$27>=C47,'Audit Setup'!$C$27<=C47+4),"⚑ MGMT RESPONSES DUE ",""),IF(AND('Audit Setup'!$C$32>=C47,'Audit Setup'!$C$32<=C47+4),"⚑ REPORT RELEASE ",""))))
A48: =IF(15<='Audit Setup'!$B$13,"FW-"&15,"") | C48: =C47+7 | D48: 0 | E48: =-COUNTIFS('Holidays & Skeleton'!$B$5:$B$25,">="&C48,'Holidays & Skeleton'!$B$5:$B$25,"<="&(C48+4))*'Audit Setup'!$B$7 | F48: =-COUNTIFS('Holidays & Skeleton'!$B$29:$B$36,">="&C48,'Holidays & Skeleton'!$B$29:$B$36,"<="&(C48+4))*'Audit Setup'!$B$7 | G48: 0 | H48: =CEILING(MAX(0,SUM(D48:G48)),1) | K48: 0 | L48: =IF(NOT(ISNUMBER(C48)),"",TRIM(CONCATENATE(IF(AND('Audit Setup'!$C$20>=C48,'Audit Setup'!$C$20<=C48+4),"⚑ KICKOFF ",""),IF(AND('Audit Setup'!$C$21>=C48,'Audit Setup'!$C$21<=C48+4),"⚑ END OF PLANNING ",""),IF(AND('Audit Setup'!$C$22>=C48,'Audit Setup'!$C$22<=C48+4),"⚑ OUTLINE TO EXEC ",""),IF(AND('Audit Setup'!$C$23>=C48,'Audit Setup'!$C$23<=C48+4),"⚑ ON-TARGET ",""),IF(AND('Audit Setup'!$C$25>=C48,'Audit Setup'!$C$25<=C48+4),"⚑ DRAFT TO EXEC ",""),IF(AND('Audit Setup'!$C$26>=C48,'Audit Setup'!$C$26<=C48+4),"⚑ EXIT CONFERENCE ",""),IF(AND('Audit Setup'!$C$27>=C48,'Audit Setup'!$C$27<=C48+4),"⚑ MGMT RESPONSES DUE ",""),IF(AND('Audit Setup'!$C$32>=C48,'Audit Setup'!$C$32<=C48+4),"⚑ REPORT RELEASE ",""))))
A49: =IF(16<='Audit Setup'!$B$13,"FW-"&16,"") | C49: =C48+7 | D49: 0 | E49: =-COUNTIFS('Holidays & Skeleton'!$B$5:$B$25,">="&C49,'Holidays & Skeleton'!$B$5:$B$25,"<="&(C49+4))*'Audit Setup'!$B$7 | F49: =-COUNTIFS('Holidays & Skeleton'!$B$29:$B$36,">="&C49,'Holidays & Skeleton'!$B$29:$B$36,"<="&(C49+4))*'Audit Setup'!$B$7 | G49: 0 | H49: =CEILING(MAX(0,SUM(D49:G49)),1) | K49: 0 | L49: =IF(NOT(ISNUMBER(C49)),"",TRIM(CONCATENATE(IF(AND('Audit Setup'!$C$20>=C49,'Audit Setup'!$C$20<=C49+4),"⚑ KICKOFF ",""),IF(AND('Audit Setup'!$C$21>=C49,'Audit Setup'!$C$21<=C49+4),"⚑ END OF PLANNING ",""),IF(AND('Audit Setup'!$C$22>=C49,'Audit Setup'!$C$22<=C49+4),"⚑ OUTLINE TO EXEC ",""),IF(AND('Audit Setup'!$C$23>=C49,'Audit Setup'!$C$23<=C49+4),"⚑ ON-TARGET ",""),IF(AND('Audit Setup'!$C$25>=C49,'Audit Setup'!$C$25<=C49+4),"⚑ DRAFT TO EXEC ",""),IF(AND('Audit Setup'!$C$26>=C49,'Audit Setup'!$C$26<=C49+4),"⚑ EXIT CONFERENCE ",""),IF(AND('Audit Setup'!$C$27>=C49,'Audit Setup'!$C$27<=C49+4),"⚑ MGMT RESPONSES DUE ",""),IF(AND('Audit Setup'!$C$32>=C49,'Audit Setup'!$C$32<=C49+4),"⚑ REPORT RELEASE ",""))))
A50: =IF(17<='Audit Setup'!$B$13,"FW-"&17,"") | C50: =C49+7 | D50: 0 | E50: =-COUNTIFS('Holidays & Skeleton'!$B$5:$B$25,">="&C50,'Holidays & Skeleton'!$B$5:$B$25,"<="&(C50+4))*'Audit Setup'!$B$7 | F50: =-COUNTIFS('Holidays & Skeleton'!$B$29:$B$36,">="&C50,'Holidays & Skeleton'!$B$29:$B$36,"<="&(C50+4))*'Audit Setup'!$B$7 | G50: 0 | H50: =CEILING(MAX(0,SUM(D50:G50)),1) | K50: 0 | L50: =IF(NOT(ISNUMBER(C50)),"",TRIM(CONCATENATE(IF(AND('Audit Setup'!$C$20>=C50,'Audit Setup'!$C$20<=C50+4),"⚑ KICKOFF ",""),IF(AND('Audit Setup'!$C$21>=C50,'Audit Setup'!$C$21<=C50+4),"⚑ END OF PLANNING ",""),IF(AND('Audit Setup'!$C$22>=C50,'Audit Setup'!$C$22<=C50+4),"⚑ OUTLINE TO EXEC ",""),IF(AND('Audit Setup'!$C$23>=C50,'Audit Setup'!$C$23<=C50+4),"⚑ ON-TARGET ",""),IF(AND('Audit Setup'!$C$25>=C50,'Audit Setup'!$C$25<=C50+4),"⚑ DRAFT TO EXEC ",""),IF(AND('Audit Setup'!$C$26>=C50,'Audit Setup'!$C$26<=C50+4),"⚑ EXIT CONFERENCE ",""),IF(AND('Audit Setup'!$C$27>=C50,'Audit Setup'!$C$27<=C50+4),"⚑ MGMT RESPONSES DUE ",""),IF(AND('Audit Setup'!$C$32>=C50,'Audit Setup'!$C$32<=C50+4),"⚑ REPORT RELEASE ",""))))
A51: =IF(18<='Audit Setup'!$B$13,"FW-"&18,"") | C51: =C50+7 | D51: 0 | E51: =-COUNTIFS('Holidays & Skeleton'!$B$5:$B$25,">="&C51,'Holidays & Skeleton'!$B$5:$B$25,"<="&(C51+4))*'Audit Setup'!$B$7 | F51: =-COUNTIFS('Holidays & Skeleton'!$B$29:$B$36,">="&C51,'Holidays & Skeleton'!$B$29:$B$36,"<="&(C51+4))*'Audit Setup'!$B$7 | G51: 0 | H51: =CEILING(MAX(0,SUM(D51:G51)),1) | K51: 0 | L51: =IF(NOT(ISNUMBER(C51)),"",TRIM(CONCATENATE(IF(AND('Audit Setup'!$C$20>=C51,'Audit Setup'!$C$20<=C51+4),"⚑ KICKOFF ",""),IF(AND('Audit Setup'!$C$21>=C51,'Audit Setup'!$C$21<=C51+4),"⚑ END OF PLANNING ",""),IF(AND('Audit Setup'!$C$22>=C51,'Audit Setup'!$C$22<=C51+4),"⚑ OUTLINE TO EXEC ",""),IF(AND('Audit Setup'!$C$23>=C51,'Audit Setup'!$C$23<=C51+4),"⚑ ON-TARGET ",""),IF(AND('Audit Setup'!$C$25>=C51,'Audit Setup'!$C$25<=C51+4),"⚑ DRAFT TO EXEC ",""),IF(AND('Audit Setup'!$C$26>=C51,'Audit Setup'!$C$26<=C51+4),"⚑ EXIT CONFERENCE ",""),IF(AND('Audit Setup'!$C$27>=C51,'Audit Setup'!$C$27<=C51+4),"⚑ MGMT RESPONSES DUE ",""),IF(AND('Audit Setup'!$C$32>=C51,'Audit Setup'!$C$32<=C51+4),"⚑ REPORT RELEASE ",""))))
A52: =IF(19<='Audit Setup'!$B$13,"FW-"&19,"") | C52: =C51+7 | D52: 0 | E52: =-COUNTIFS('Holidays & Skeleton'!$B$5:$B$25,">="&C52,'Holidays & Skeleton'!$B$5:$B$25,"<="&(C52+4))*'Audit Setup'!$B$7 | F52: =-COUNTIFS('Holidays & Skeleton'!$B$29:$B$36,">="&C52,'Holidays & Skeleton'!$B$29:$B$36,"<="&(C52+4))*'Audit Setup'!$B$7 | G52: 0 | H52: =CEILING(MAX(0,SUM(D52:G52)),1) | K52: 0 | L52: =IF(NOT(ISNUMBER(C52)),"",TRIM(CONCATENATE(IF(AND('Audit Setup'!$C$20>=C52,'Audit Setup'!$C$20<=C52+4),"⚑ KICKOFF ",""),IF(AND('Audit Setup'!$C$21>=C52,'Audit Setup'!$C$21<=C52+4),"⚑ END OF PLANNING ",""),IF(AND('Audit Setup'!$C$22>=C52,'Audit Setup'!$C$22<=C52+4),"⚑ OUTLINE TO EXEC ",""),IF(AND('Audit Setup'!$C$23>=C52,'Audit Setup'!$C$23<=C52+4),"⚑ ON-TARGET ",""),IF(AND('Audit Setup'!$C$25>=C52,'Audit Setup'!$C$25<=C52+4),"⚑ DRAFT TO EXEC ",""),IF(AND('Audit Setup'!$C$26>=C52,'Audit Setup'!$C$26<=C52+4),"⚑ EXIT CONFERENCE ",""),IF(AND('Audit Setup'!$C$27>=C52,'Audit Setup'!$C$27<=C52+4),"⚑ MGMT RESPONSES DUE ",""),IF(AND('Audit Setup'!$C$32>=C52,'Audit Setup'!$C$32<=C52+4),"⚑ REPORT RELEASE ",""))))
A53: =IF(20<='Audit Setup'!$B$13,"FW-"&20,"") | C53: =C52+7 | D53: 0 | E53: =-COUNTIFS('Holidays & Skeleton'!$B$5:$B$25,">="&C53,'Holidays & Skeleton'!$B$5:$B$25,"<="&(C53+4))*'Audit Setup'!$B$7 | F53: =-COUNTIFS('Holidays & Skeleton'!$B$29:$B$36,">="&C53,'Holidays & Skeleton'!$B$29:$B$36,"<="&(C53+4))*'Audit Setup'!$B$7 | G53: 0 | H53: =CEILING(MAX(0,SUM(D53:G53)),1) | K53: 0 | L53: =IF(NOT(ISNUMBER(C53)),"",TRIM(CONCATENATE(IF(AND('Audit Setup'!$C$20>=C53,'Audit Setup'!$C$20<=C53+4),"⚑ KICKOFF ",""),IF(AND('Audit Setup'!$C$21>=C53,'Audit Setup'!$C$21<=C53+4),"⚑ END OF PLANNING ",""),IF(AND('Audit Setup'!$C$22>=C53,'Audit Setup'!$C$22<=C53+4),"⚑ OUTLINE TO EXEC ",""),IF(AND('Audit Setup'!$C$23>=C53,'Audit Setup'!$C$23<=C53+4),"⚑ ON-TARGET ",""),IF(AND('Audit Setup'!$C$25>=C53,'Audit Setup'!$C$25<=C53+4),"⚑ DRAFT TO EXEC ",""),IF(AND('Audit Setup'!$C$26>=C53,'Audit Setup'!$C$26<=C53+4),"⚑ EXIT CONFERENCE ",""),IF(AND('Audit Setup'!$C$27>=C53,'Audit Setup'!$C$27<=C53+4),"⚑ MGMT RESPONSES DUE ",""),IF(AND('Audit Setup'!$C$32>=C53,'Audit Setup'!$C$32<=C53+4),"⚑ REPORT RELEASE ",""))))
A54: =IF(21<='Audit Setup'!$B$13,"FW-"&21,"") | C54: =C53+7 | D54: 0 | E54: =-COUNTIFS('Holidays & Skeleton'!$B$5:$B$25,">="&C54,'Holidays & Skeleton'!$B$5:$B$25,"<="&(C54+4))*'Audit Setup'!$B$7 | F54: =-COUNTIFS('Holidays & Skeleton'!$B$29:$B$36,">="&C54,'Holidays & Skeleton'!$B$29:$B$36,"<="&(C54+4))*'Audit Setup'!$B$7 | G54: 0 | H54: =CEILING(MAX(0,SUM(D54:G54)),1) | K54: 0 | L54: =IF(NOT(ISNUMBER(C54)),"",TRIM(CONCATENATE(IF(AND('Audit Setup'!$C$20>=C54,'Audit Setup'!$C$20<=C54+4),"⚑ KICKOFF ",""),IF(AND('Audit Setup'!$C$21>=C54,'Audit Setup'!$C$21<=C54+4),"⚑ END OF PLANNING ",""),IF(AND('Audit Setup'!$C$22>=C54,'Audit Setup'!$C$22<=C54+4),"⚑ OUTLINE TO EXEC ",""),IF(AND('Audit Setup'!$C$23>=C54,'Audit Setup'!$C$23<=C54+4),"⚑ ON-TARGET ",""),IF(AND('Audit Setup'!$C$25>=C54,'Audit Setup'!$C$25<=C54+4),"⚑ DRAFT TO EXEC ",""),IF(AND('Audit Setup'!$C$26>=C54,'Audit Setup'!$C$26<=C54+4),"⚑ EXIT CONFERENCE ",""),IF(AND('Audit Setup'!$C$27>=C54,'Audit Setup'!$C$27<=C54+4),"⚑ MGMT RESPONSES DUE ",""),IF(AND('Audit Setup'!$C$32>=C54,'Audit Setup'!$C$32<=C54+4),"⚑ REPORT RELEASE ",""))))
A55: =IF(22<='Audit Setup'!$B$13,"FW-"&22,"") | C55: =C54+7 | D55: 0 | E55: =-COUNTIFS('Holidays & Skeleton'!$B$5:$B$25,">="&C55,'Holidays & Skeleton'!$B$5:$B$25,"<="&(C55+4))*'Audit Setup'!$B$7 | F55: =-COUNTIFS('Holidays & Skeleton'!$B$29:$B$36,">="&C55,'Holidays & Skeleton'!$B$29:$B$36,"<="&(C55+4))*'Audit Setup'!$B$7 | G55: 0 | H55: =CEILING(MAX(0,SUM(D55:G55)),1) | K55: 0 | L55: =IF(NOT(ISNUMBER(C55)),"",TRIM(CONCATENATE(IF(AND('Audit Setup'!$C$20>=C55,'Audit Setup'!$C$20<=C55+4),"⚑ KICKOFF ",""),IF(AND('Audit Setup'!$C$21>=C55,'Audit Setup'!$C$21<=C55+4),"⚑ END OF PLANNING ",""),IF(AND('Audit Setup'!$C$22>=C55,'Audit Setup'!$C$22<=C55+4),"⚑ OUTLINE TO EXEC ",""),IF(AND('Audit Setup'!$C$23>=C55,'Audit Setup'!$C$23<=C55+4),"⚑ ON-TARGET ",""),IF(AND('Audit Setup'!$C$25>=C55,'Audit Setup'!$C$25<=C55+4),"⚑ DRAFT TO EXEC ",""),IF(AND('Audit Setup'!$C$26>=C55,'Audit Setup'!$C$26<=C55+4),"⚑ EXIT CONFERENCE ",""),IF(AND('Audit Setup'!$C$27>=C55,'Audit Setup'!$C$27<=C55+4),"⚑ MGMT RESPONSES DUE ",""),IF(AND('Audit Setup'!$C$32>=C55,'Audit Setup'!$C$32<=C55+4),"⚑ REPORT RELEASE ",""))))
A56: =IF(23<='Audit Setup'!$B$13,"FW-"&23,"") | C56: =C55+7 | D56: 0 | E56: =-COUNTIFS('Holidays & Skeleton'!$B$5:$B$25,">="&C56,'Holidays & Skeleton'!$B$5:$B$25,"<="&(C56+4))*'Audit Setup'!$B$7 | F56: =-COUNTIFS('Holidays & Skeleton'!$B$29:$B$36,">="&C56,'Holidays & Skeleton'!$B$29:$B$36,"<="&(C56+4))*'Audit Setup'!$B$7 | G56: 0 | H56: =CEILING(MAX(0,SUM(D56:G56)),1) | K56: 0 | L56: =IF(NOT(ISNUMBER(C56)),"",TRIM(CONCATENATE(IF(AND('Audit Setup'!$C$20>=C56,'Audit Setup'!$C$20<=C56+4),"⚑ KICKOFF ",""),IF(AND('Audit Setup'!$C$21>=C56,'Audit Setup'!$C$21<=C56+4),"⚑ END OF PLANNING ",""),IF(AND('Audit Setup'!$C$22>=C56,'Audit Setup'!$C$22<=C56+4),"⚑ OUTLINE TO EXEC ",""),IF(AND('Audit Setup'!$C$23>=C56,'Audit Setup'!$C$23<=C56+4),"⚑ ON-TARGET ",""),IF(AND('Audit Setup'!$C$25>=C56,'Audit Setup'!$C$25<=C56+4),"⚑ DRAFT TO EXEC ",""),IF(AND('Audit Setup'!$C$26>=C56,'Audit Setup'!$C$26<=C56+4),"⚑ EXIT CONFERENCE ",""),IF(AND('Audit Setup'!$C$27>=C56,'Audit Setup'!$C$27<=C56+4),"⚑ MGMT RESPONSES DUE ",""),IF(AND('Audit Setup'!$C$32>=C56,'Audit Setup'!$C$32<=C56+4),"⚑ REPORT RELEASE ",""))))
A57: =IF(24<='Audit Setup'!$B$13,"FW-"&24,"") | C57: =C56+7 | D57: 0 | E57: =-COUNTIFS('Holidays & Skeleton'!$B$5:$B$25,">="&C57,'Holidays & Skeleton'!$B$5:$B$25,"<="&(C57+4))*'Audit Setup'!$B$7 | F57: =-COUNTIFS('Holidays & Skeleton'!$B$29:$B$36,">="&C57,'Holidays & Skeleton'!$B$29:$B$36,"<="&(C57+4))*'Audit Setup'!$B$7 | G57: 0 | H57: =CEILING(MAX(0,SUM(D57:G57)),1) | K57: 0 | L57: =IF(NOT(ISNUMBER(C57)),"",TRIM(CONCATENATE(IF(AND('Audit Setup'!$C$20>=C57,'Audit Setup'!$C$20<=C57+4),"⚑ KICKOFF ",""),IF(AND('Audit Setup'!$C$21>=C57,'Audit Setup'!$C$21<=C57+4),"⚑ END OF PLANNING ",""),IF(AND('Audit Setup'!$C$22>=C57,'Audit Setup'!$C$22<=C57+4),"⚑ OUTLINE TO EXEC ",""),IF(AND('Audit Setup'!$C$23>=C57,'Audit Setup'!$C$23<=C57+4),"⚑ ON-TARGET ",""),IF(AND('Audit Setup'!$C$25>=C57,'Audit Setup'!$C$25<=C57+4),"⚑ DRAFT TO EXEC ",""),IF(AND('Audit Setup'!$C$26>=C57,'Audit Setup'!$C$26<=C57+4),"⚑ EXIT CONFERENCE ",""),IF(AND('Audit Setup'!$C$27>=C57,'Audit Setup'!$C$27<=C57+4),"⚑ MGMT RESPONSES DUE ",""),IF(AND('Audit Setup'!$C$32>=C57,'Audit Setup'!$C$32<=C57+4),"⚑ REPORT RELEASE ",""))))
A58: =IF(25<='Audit Setup'!$B$13,"FW-"&25,"") | C58: =C57+7 | D58: 0 | E58: =-COUNTIFS('Holidays & Skeleton'!$B$5:$B$25,">="&C58,'Holidays & Skeleton'!$B$5:$B$25,"<="&(C58+4))*'Audit Setup'!$B$7 | F58: =-COUNTIFS('Holidays & Skeleton'!$B$29:$B$36,">="&C58,'Holidays & Skeleton'!$B$29:$B$36,"<="&(C58+4))*'Audit Setup'!$B$7 | G58: 0 | H58: =CEILING(MAX(0,SUM(D58:G58)),1) | K58: 0 | L58: =IF(NOT(ISNUMBER(C58)),"",TRIM(CONCATENATE(IF(AND('Audit Setup'!$C$20>=C58,'Audit Setup'!$C$20<=C58+4),"⚑ KICKOFF ",""),IF(AND('Audit Setup'!$C$21>=C58,'Audit Setup'!$C$21<=C58+4),"⚑ END OF PLANNING ",""),IF(AND('Audit Setup'!$C$22>=C58,'Audit Setup'!$C$22<=C58+4),"⚑ OUTLINE TO EXEC ",""),IF(AND('Audit Setup'!$C$23>=C58,'Audit Setup'!$C$23<=C58+4),"⚑ ON-TARGET ",""),IF(AND('Audit Setup'!$C$25>=C58,'Audit Setup'!$C$25<=C58+4),"⚑ DRAFT TO EXEC ",""),IF(AND('Audit Setup'!$C$26>=C58,'Audit Setup'!$C$26<=C58+4),"⚑ EXIT CONFERENCE ",""),IF(AND('Audit Setup'!$C$27>=C58,'Audit Setup'!$C$27<=C58+4),"⚑ MGMT RESPONSES DUE ",""),IF(AND('Audit Setup'!$C$32>=C58,'Audit Setup'!$C$32<=C58+4),"⚑ REPORT RELEASE ",""))))
A59: =IF(26<='Audit Setup'!$B$13,"FW-"&26,"") | C59: =C58+7 | D59: 0 | E59: =-COUNTIFS('Holidays & Skeleton'!$B$5:$B$25,">="&C59,'Holidays & Skeleton'!$B$5:$B$25,"<="&(C59+4))*'Audit Setup'!$B$7 | F59: =-COUNTIFS('Holidays & Skeleton'!$B$29:$B$36,">="&C59,'Holidays & Skeleton'!$B$29:$B$36,"<="&(C59+4))*'Audit Setup'!$B$7 | G59: 0 | H59: =CEILING(MAX(0,SUM(D59:G59)),1) | K59: 0 | L59: =IF(NOT(ISNUMBER(C59)),"",TRIM(CONCATENATE(IF(AND('Audit Setup'!$C$20>=C59,'Audit Setup'!$C$20<=C59+4),"⚑ KICKOFF ",""),IF(AND('Audit Setup'!$C$21>=C59,'Audit Setup'!$C$21<=C59+4),"⚑ END OF PLANNING ",""),IF(AND('Audit Setup'!$C$22>=C59,'Audit Setup'!$C$22<=C59+4),"⚑ OUTLINE TO EXEC ",""),IF(AND('Audit Setup'!$C$23>=C59,'Audit Setup'!$C$23<=C59+4),"⚑ ON-TARGET ",""),IF(AND('Audit Setup'!$C$25>=C59,'Audit Setup'!$C$25<=C59+4),"⚑ DRAFT TO EXEC ",""),IF(AND('Audit Setup'!$C$26>=C59,'Audit Setup'!$C$26<=C59+4),"⚑ EXIT CONFERENCE ",""),IF(AND('Audit Setup'!$C$27>=C59,'Audit Setup'!$C$27<=C59+4),"⚑ MGMT RESPONSES DUE ",""),IF(AND('Audit Setup'!$C$32>=C59,'Audit Setup'!$C$32<=C59+4),"⚑ REPORT RELEASE ",""))))
A60: =IF(27<='Audit Setup'!$B$13,"FW-"&27,"") | C60: =C59+7 | D60: 0 | E60: =-COUNTIFS('Holidays & Skeleton'!$B$5:$B$25,">="&C60,'Holidays & Skeleton'!$B$5:$B$25,"<="&(C60+4))*'Audit Setup'!$B$7 | F60: =-COUNTIFS('Holidays & Skeleton'!$B$29:$B$36,">="&C60,'Holidays & Skeleton'!$B$29:$B$36,"<="&(C60+4))*'Audit Setup'!$B$7 | G60: 0 | H60: =CEILING(MAX(0,SUM(D60:G60)),1) | K60: 0 | L60: =IF(NOT(ISNUMBER(C60)),"",TRIM(CONCATENATE(IF(AND('Audit Setup'!$C$20>=C60,'Audit Setup'!$C$20<=C60+4),"⚑ KICKOFF ",""),IF(AND('Audit Setup'!$C$21>=C60,'Audit Setup'!$C$21<=C60+4),"⚑ END OF PLANNING ",""),IF(AND('Audit Setup'!$C$22>=C60,'Audit Setup'!$C$22<=C60+4),"⚑ OUTLINE TO EXEC ",""),IF(AND('Audit Setup'!$C$23>=C60,'Audit Setup'!$C$23<=C60+4),"⚑ ON-TARGET ",""),IF(AND('Audit Setup'!$C$25>=C60,'Audit Setup'!$C$25<=C60+4),"⚑ DRAFT TO EXEC ",""),IF(AND('Audit Setup'!$C$26>=C60,'Audit Setup'!$C$26<=C60+4),"⚑ EXIT CONFERENCE ",""),IF(AND('Audit Setup'!$C$27>=C60,'Audit Setup'!$C$27<=C60+4),"⚑ MGMT RESPONSES DUE ",""),IF(AND('Audit Setup'!$C$32>=C60,'Audit Setup'!$C$32<=C60+4),"⚑ REPORT RELEASE ",""))))
A61: =IF(28<='Audit Setup'!$B$13,"FW-"&28,"") | C61: =C60+7 | D61: 0 | E61: =-COUNTIFS('Holidays & Skeleton'!$B$5:$B$25,">="&C61,'Holidays & Skeleton'!$B$5:$B$25,"<="&(C61+4))*'Audit Setup'!$B$7 | F61: =-COUNTIFS('Holidays & Skeleton'!$B$29:$B$36,">="&C61,'Holidays & Skeleton'!$B$29:$B$36,"<="&(C61+4))*'Audit Setup'!$B$7 | G61: 0 | H61: =CEILING(MAX(0,SUM(D61:G61)),1) | K61: 0 | L61: =IF(NOT(ISNUMBER(C61)),"",TRIM(CONCATENATE(IF(AND('Audit Setup'!$C$20>=C61,'Audit Setup'!$C$20<=C61+4),"⚑ KICKOFF ",""),IF(AND('Audit Setup'!$C$21>=C61,'Audit Setup'!$C$21<=C61+4),"⚑ END OF PLANNING ",""),IF(AND('Audit Setup'!$C$22>=C61,'Audit Setup'!$C$22<=C61+4),"⚑ OUTLINE TO EXEC ",""),IF(AND('Audit Setup'!$C$23>=C61,'Audit Setup'!$C$23<=C61+4),"⚑ ON-TARGET ",""),IF(AND('Audit Setup'!$C$25>=C61,'Audit Setup'!$C$25<=C61+4),"⚑ DRAFT TO EXEC ",""),IF(AND('Audit Setup'!$C$26>=C61,'Audit Setup'!$C$26<=C61+4),"⚑ EXIT CONFERENCE ",""),IF(AND('Audit Setup'!$C$27>=C61,'Audit Setup'!$C$27<=C61+4),"⚑ MGMT RESPONSES DUE ",""),IF(AND('Audit Setup'!$C$32>=C61,'Audit Setup'!$C$32<=C61+4),"⚑ REPORT RELEASE ",""))))
A62: =IF(29<='Audit Setup'!$B$13,"FW-"&29,"") | C62: =C61+7 | D62: 0 | E62: =-COUNTIFS('Holidays & Skeleton'!$B$5:$B$25,">="&C62,'Holidays & Skeleton'!$B$5:$B$25,"<="&(C62+4))*'Audit Setup'!$B$7 | F62: =-COUNTIFS('Holidays & Skeleton'!$B$29:$B$36,">="&C62,'Holidays & Skeleton'!$B$29:$B$36,"<="&(C62+4))*'Audit Setup'!$B$7 | G62: 0 | H62: =CEILING(MAX(0,SUM(D62:G62)),1) | K62: 0 | L62: =IF(NOT(ISNUMBER(C62)),"",TRIM(CONCATENATE(IF(AND('Audit Setup'!$C$20>=C62,'Audit Setup'!$C$20<=C62+4),"⚑ KICKOFF ",""),IF(AND('Audit Setup'!$C$21>=C62,'Audit Setup'!$C$21<=C62+4),"⚑ END OF PLANNING ",""),IF(AND('Audit Setup'!$C$22>=C62,'Audit Setup'!$C$22<=C62+4),"⚑ OUTLINE TO EXEC ",""),IF(AND('Audit Setup'!$C$23>=C62,'Audit Setup'!$C$23<=C62+4),"⚑ ON-TARGET ",""),IF(AND('Audit Setup'!$C$25>=C62,'Audit Setup'!$C$25<=C62+4),"⚑ DRAFT TO EXEC ",""),IF(AND('Audit Setup'!$C$26>=C62,'Audit Setup'!$C$26<=C62+4),"⚑ EXIT CONFERENCE ",""),IF(AND('Audit Setup'!$C$27>=C62,'Audit Setup'!$C$27<=C62+4),"⚑ MGMT RESPONSES DUE ",""),IF(AND('Audit Setup'!$C$32>=C62,'Audit Setup'!$C$32<=C62+4),"⚑ REPORT RELEASE ",""))))
A63: =IF(30<='Audit Setup'!$B$13,"FW-"&30,"") | C63: =C62+7 | D63: 0 | E63: =-COUNTIFS('Holidays & Skeleton'!$B$5:$B$25,">="&C63,'Holidays & Skeleton'!$B$5:$B$25,"<="&(C63+4))*'Audit Setup'!$B$7 | F63: =-COUNTIFS('Holidays & Skeleton'!$B$29:$B$36,">="&C63,'Holidays & Skeleton'!$B$29:$B$36,"<="&(C63+4))*'Audit Setup'!$B$7 | G63: 0 | H63: =CEILING(MAX(0,SUM(D63:G63)),1) | K63: 0 | L63: =IF(NOT(ISNUMBER(C63)),"",TRIM(CONCATENATE(IF(AND('Audit Setup'!$C$20>=C63,'Audit Setup'!$C$20<=C63+4),"⚑ KICKOFF ",""),IF(AND('Audit Setup'!$C$21>=C63,'Audit Setup'!$C$21<=C63+4),"⚑ END OF PLANNING ",""),IF(AND('Audit Setup'!$C$22>=C63,'Audit Setup'!$C$22<=C63+4),"⚑ OUTLINE TO EXEC ",""),IF(AND('Audit Setup'!$C$23>=C63,'Audit Setup'!$C$23<=C63+4),"⚑ ON-TARGET ",""),IF(AND('Audit Setup'!$C$25>=C63,'Audit Setup'!$C$25<=C63+4),"⚑ DRAFT TO EXEC ",""),IF(AND('Audit Setup'!$C$26>=C63,'Audit Setup'!$C$26<=C63+4),"⚑ EXIT CONFERENCE ",""),IF(AND('Audit Setup'!$C$27>=C63,'Audit Setup'!$C$27<=C63+4),"⚑ MGMT RESPONSES DUE ",""),IF(AND('Audit Setup'!$C$32>=C63,'Audit Setup'!$C$32<=C63+4),"⚑ REPORT RELEASE ",""))))
A64: =IF(31<='Audit Setup'!$B$13,"FW-"&31,"") | C64: =C63+7 | D64: 0 | E64: =-COUNTIFS('Holidays & Skeleton'!$B$5:$B$25,">="&C64,'Holidays & Skeleton'!$B$5:$B$25,"<="&(C64+4))*'Audit Setup'!$B$7 | F64: =-COUNTIFS('Holidays & Skeleton'!$B$29:$B$36,">="&C64,'Holidays & Skeleton'!$B$29:$B$36,"<="&(C64+4))*'Audit Setup'!$B$7 | G64: 0 | H64: =CEILING(MAX(0,SUM(D64:G64)),1) | K64: 0 | L64: =IF(NOT(ISNUMBER(C64)),"",TRIM(CONCATENATE(IF(AND('Audit Setup'!$C$20>=C64,'Audit Setup'!$C$20<=C64+4),"⚑ KICKOFF ",""),IF(AND('Audit Setup'!$C$21>=C64,'Audit Setup'!$C$21<=C64+4),"⚑ END OF PLANNING ",""),IF(AND('Audit Setup'!$C$22>=C64,'Audit Setup'!$C$22<=C64+4),"⚑ OUTLINE TO EXEC ",""),IF(AND('Audit Setup'!$C$23>=C64,'Audit Setup'!$C$23<=C64+4),"⚑ ON-TARGET ",""),IF(AND('Audit Setup'!$C$25>=C64,'Audit Setup'!$C$25<=C64+4),"⚑ DRAFT TO EXEC ",""),IF(AND('Audit Setup'!$C$26>=C64,'Audit Setup'!$C$26<=C64+4),"⚑ EXIT CONFERENCE ",""),IF(AND('Audit Setup'!$C$27>=C64,'Audit Setup'!$C$27<=C64+4),"⚑ MGMT RESPONSES DUE ",""),IF(AND('Audit Setup'!$C$32>=C64,'Audit Setup'!$C$32<=C64+4),"⚑ REPORT RELEASE ",""))))
A65: =IF(32<='Audit Setup'!$B$13,"FW-"&32,"") | C65: =C64+7 | D65: 0 | E65: =-COUNTIFS('Holidays & Skeleton'!$B$5:$B$25,">="&C65,'Holidays & Skeleton'!$B$5:$B$25,"<="&(C65+4))*'Audit Setup'!$B$7 | F65: =-COUNTIFS('Holidays & Skeleton'!$B$29:$B$36,">="&C65,'Holidays & Skeleton'!$B$29:$B$36,"<="&(C65+4))*'Audit Setup'!$B$7 | G65: 0 | H65: =CEILING(MAX(0,SUM(D65:G65)),1) | K65: 0 | L65: =IF(NOT(ISNUMBER(C65)),"",TRIM(CONCATENATE(IF(AND('Audit Setup'!$C$20>=C65,'Audit Setup'!$C$20<=C65+4),"⚑ KICKOFF ",""),IF(AND('Audit Setup'!$C$21>=C65,'Audit Setup'!$C$21<=C65+4),"⚑ END OF PLANNING ",""),IF(AND('Audit Setup'!$C$22>=C65,'Audit Setup'!$C$22<=C65+4),"⚑ OUTLINE TO EXEC ",""),IF(AND('Audit Setup'!$C$23>=C65,'Audit Setup'!$C$23<=C65+4),"⚑ ON-TARGET ",""),IF(AND('Audit Setup'!$C$25>=C65,'Audit Setup'!$C$25<=C65+4),"⚑ DRAFT TO EXEC ",""),IF(AND('Audit Setup'!$C$26>=C65,'Audit Setup'!$C$26<=C65+4),"⚑ EXIT CONFERENCE ",""),IF(AND('Audit Setup'!$C$27>=C65,'Audit Setup'!$C$27<=C65+4),"⚑ MGMT RESPONSES DUE ",""),IF(AND('Audit Setup'!$C$32>=C65,'Audit Setup'!$C$32<=C65+4),"⚑ REPORT RELEASE ",""))))
A66: =IF(33<='Audit Setup'!$B$13,"FW-"&33,"") | C66: =C65+7 | D66: 0 | E66: =-COUNTIFS('Holidays & Skeleton'!$B$5:$B$25,">="&C66,'Holidays & Skeleton'!$B$5:$B$25,"<="&(C66+4))*'Audit Setup'!$B$7 | F66: =-COUNTIFS('Holidays & Skeleton'!$B$29:$B$36,">="&C66,'Holidays & Skeleton'!$B$29:$B$36,"<="&(C66+4))*'Audit Setup'!$B$7 | G66: 0 | H66: =CEILING(MAX(0,SUM(D66:G66)),1) | K66: 0 | L66: =IF(NOT(ISNUMBER(C66)),"",TRIM(CONCATENATE(IF(AND('Audit Setup'!$C$20>=C66,'Audit Setup'!$C$20<=C66+4),"⚑ KICKOFF ",""),IF(AND('Audit Setup'!$C$21>=C66,'Audit Setup'!$C$21<=C66+4),"⚑ END OF PLANNING ",""),IF(AND('Audit Setup'!$C$22>=C66,'Audit Setup'!$C$22<=C66+4),"⚑ OUTLINE TO EXEC ",""),IF(AND('Audit Setup'!$C$23>=C66,'Audit Setup'!$C$23<=C66+4),"⚑ ON-TARGET ",""),IF(AND('Audit Setup'!$C$25>=C66,'Audit Setup'!$C$25<=C66+4),"⚑ DRAFT TO EXEC ",""),IF(AND('Audit Setup'!$C$26>=C66,'Audit Setup'!$C$26<=C66+4),"⚑ EXIT CONFERENCE ",""),IF(AND('Audit Setup'!$C$27>=C66,'Audit Setup'!$C$27<=C66+4),"⚑ MGMT RESPONSES DUE ",""),IF(AND('Audit Setup'!$C$32>=C66,'Audit Setup'!$C$32<=C66+4),"⚑ REPORT RELEASE ",""))))
A67: =IF(34<='Audit Setup'!$B$13,"FW-"&34,"") | C67: =C66+7 | D67: 0 | E67: =-COUNTIFS('Holidays & Skeleton'!$B$5:$B$25,">="&C67,'Holidays & Skeleton'!$B$5:$B$25,"<="&(C67+4))*'Audit Setup'!$B$7 | F67: =-COUNTIFS('Holidays & Skeleton'!$B$29:$B$36,">="&C67,'Holidays & Skeleton'!$B$29:$B$36,"<="&(C67+4))*'Audit Setup'!$B$7 | G67: 0 | H67: =CEILING(MAX(0,SUM(D67:G67)),1) | K67: 0 | L67: =IF(NOT(ISNUMBER(C67)),"",TRIM(CONCATENATE(IF(AND('Audit Setup'!$C$20>=C67,'Audit Setup'!$C$20<=C67+4),"⚑ KICKOFF ",""),IF(AND('Audit Setup'!$C$21>=C67,'Audit Setup'!$C$21<=C67+4),"⚑ END OF PLANNING ",""),IF(AND('Audit Setup'!$C$22>=C67,'Audit Setup'!$C$22<=C67+4),"⚑ OUTLINE TO EXEC ",""),IF(AND('Audit Setup'!$C$23>=C67,'Audit Setup'!$C$23<=C67+4),"⚑ ON-TARGET ",""),IF(AND('Audit Setup'!$C$25>=C67,'Audit Setup'!$C$25<=C67+4),"⚑ DRAFT TO EXEC ",""),IF(AND('Audit Setup'!$C$26>=C67,'Audit Setup'!$C$26<=C67+4),"⚑ EXIT CONFERENCE ",""),IF(AND('Audit Setup'!$C$27>=C67,'Audit Setup'!$C$27<=C67+4),"⚑ MGMT RESPONSES DUE ",""),IF(AND('Audit Setup'!$C$32>=C67,'Audit Setup'!$C$32<=C67+4),"⚑ REPORT RELEASE ",""))))
A68: =IF(35<='Audit Setup'!$B$13,"FW-"&35,"") | C68: =C67+7 | D68: 0 | E68: =-COUNTIFS('Holidays & Skeleton'!$B$5:$B$25,">="&C68,'Holidays & Skeleton'!$B$5:$B$25,"<="&(C68+4))*'Audit Setup'!$B$7 | F68: =-COUNTIFS('Holidays & Skeleton'!$B$29:$B$36,">="&C68,'Holidays & Skeleton'!$B$29:$B$36,"<="&(C68+4))*'Audit Setup'!$B$7 | G68: 0 | H68: =CEILING(MAX(0,SUM(D68:G68)),1) | K68: 0 | L68: =IF(NOT(ISNUMBER(C68)),"",TRIM(CONCATENATE(IF(AND('Audit Setup'!$C$20>=C68,'Audit Setup'!$C$20<=C68+4),"⚑ KICKOFF ",""),IF(AND('Audit Setup'!$C$21>=C68,'Audit Setup'!$C$21<=C68+4),"⚑ END OF PLANNING ",""),IF(AND('Audit Setup'!$C$22>=C68,'Audit Setup'!$C$22<=C68+4),"⚑ OUTLINE TO EXEC ",""),IF(AND('Audit Setup'!$C$23>=C68,'Audit Setup'!$C$23<=C68+4),"⚑ ON-TARGET ",""),IF(AND('Audit Setup'!$C$25>=C68,'Audit Setup'!$C$25<=C68+4),"⚑ DRAFT TO EXEC ",""),IF(AND('Audit Setup'!$C$26>=C68,'Audit Setup'!$C$26<=C68+4),"⚑ EXIT CONFERENCE ",""),IF(AND('Audit Setup'!$C$27>=C68,'Audit Setup'!$C$27<=C68+4),"⚑ MGMT RESPONSES DUE ",""),IF(AND('Audit Setup'!$C$32>=C68,'Audit Setup'!$C$32<=C68+4),"⚑ REPORT RELEASE ",""))))
A69: =IF(36<='Audit Setup'!$B$13,"FW-"&36,"") | C69: =C68+7 | D69: 0 | E69: =-COUNTIFS('Holidays & Skeleton'!$B$5:$B$25,">="&C69,'Holidays & Skeleton'!$B$5:$B$25,"<="&(C69+4))*'Audit Setup'!$B$7 | F69: =-COUNTIFS('Holidays & Skeleton'!$B$29:$B$36,">="&C69,'Holidays & Skeleton'!$B$29:$B$36,"<="&(C69+4))*'Audit Setup'!$B$7 | G69: 0 | H69: =CEILING(MAX(0,SUM(D69:G69)),1) | K69: 0 | L69: =IF(NOT(ISNUMBER(C69)),"",TRIM(CONCATENATE(IF(AND('Audit Setup'!$C$20>=C69,'Audit Setup'!$C$20<=C69+4),"⚑ KICKOFF ",""),IF(AND('Audit Setup'!$C$21>=C69,'Audit Setup'!$C$21<=C69+4),"⚑ END OF PLANNING ",""),IF(AND('Audit Setup'!$C$22>=C69,'Audit Setup'!$C$22<=C69+4),"⚑ OUTLINE TO EXEC ",""),IF(AND('Audit Setup'!$C$23>=C69,'Audit Setup'!$C$23<=C69+4),"⚑ ON-TARGET ",""),IF(AND('Audit Setup'!$C$25>=C69,'Audit Setup'!$C$25<=C69+4),"⚑ DRAFT TO EXEC ",""),IF(AND('Audit Setup'!$C$26>=C69,'Audit Setup'!$C$26<=C69+4),"⚑ EXIT CONFERENCE ",""),IF(AND('Audit Setup'!$C$27>=C69,'Audit Setup'!$C$27<=C69+4),"⚑ MGMT RESPONSES DUE ",""),IF(AND('Audit Setup'!$C$32>=C69,'Audit Setup'!$C$32<=C69+4),"⚑ REPORT RELEASE ",""))))
A70: =IF(37<='Audit Setup'!$B$13,"FW-"&37,"") | C70: =C69+7 | D70: 0 | E70: =-COUNTIFS('Holidays & Skeleton'!$B$5:$B$25,">="&C70,'Holidays & Skeleton'!$B$5:$B$25,"<="&(C70+4))*'Audit Setup'!$B$7 | F70: =-COUNTIFS('Holidays & Skeleton'!$B$29:$B$36,">="&C70,'Holidays & Skeleton'!$B$29:$B$36,"<="&(C70+4))*'Audit Setup'!$B$7 | G70: 0 | H70: =CEILING(MAX(0,SUM(D70:G70)),1) | K70: 0 | L70: =IF(NOT(ISNUMBER(C70)),"",TRIM(CONCATENATE(IF(AND('Audit Setup'!$C$20>=C70,'Audit Setup'!$C$20<=C70+4),"⚑ KICKOFF ",""),IF(AND('Audit Setup'!$C$21>=C70,'Audit Setup'!$C$21<=C70+4),"⚑ END OF PLANNING ",""),IF(AND('Audit Setup'!$C$22>=C70,'Audit Setup'!$C$22<=C70+4),"⚑ OUTLINE TO EXEC ",""),IF(AND('Audit Setup'!$C$23>=C70,'Audit Setup'!$C$23<=C70+4),"⚑ ON-TARGET ",""),IF(AND('Audit Setup'!$C$25>=C70,'Audit Setup'!$C$25<=C70+4),"⚑ DRAFT TO EXEC ",""),IF(AND('Audit Setup'!$C$26>=C70,'Audit Setup'!$C$26<=C70+4),"⚑ EXIT CONFERENCE ",""),IF(AND('Audit Setup'!$C$27>=C70,'Audit Setup'!$C$27<=C70+4),"⚑ MGMT RESPONSES DUE ",""),IF(AND('Audit Setup'!$C$32>=C70,'Audit Setup'!$C$32<=C70+4),"⚑ REPORT RELEASE ",""))))
A71: =IF(38<='Audit Setup'!$B$13,"FW-"&38,"") | C71: =C70+7 | D71: 0 | E71: =-COUNTIFS('Holidays & Skeleton'!$B$5:$B$25,">="&C71,'Holidays & Skeleton'!$B$5:$B$25,"<="&(C71+4))*'Audit Setup'!$B$7 | F71: =-COUNTIFS('Holidays & Skeleton'!$B$29:$B$36,">="&C71,'Holidays & Skeleton'!$B$29:$B$36,"<="&(C71+4))*'Audit Setup'!$B$7 | G71: 0 | H71: =CEILING(MAX(0,SUM(D71:G71)),1) | K71: 0 | L71: =IF(NOT(ISNUMBER(C71)),"",TRIM(CONCATENATE(IF(AND('Audit Setup'!$C$20>=C71,'Audit Setup'!$C$20<=C71+4),"⚑ KICKOFF ",""),IF(AND('Audit Setup'!$C$21>=C71,'Audit Setup'!$C$21<=C71+4),"⚑ END OF PLANNING ",""),IF(AND('Audit Setup'!$C$22>=C71,'Audit Setup'!$C$22<=C71+4),"⚑ OUTLINE TO EXEC ",""),IF(AND('Audit Setup'!$C$23>=C71,'Audit Setup'!$C$23<=C71+4),"⚑ ON-TARGET ",""),IF(AND('Audit Setup'!$C$25>=C71,'Audit Setup'!$C$25<=C71+4),"⚑ DRAFT TO EXEC ",""),IF(AND('Audit Setup'!$C$26>=C71,'Audit Setup'!$C$26<=C71+4),"⚑ EXIT CONFERENCE ",""),IF(AND('Audit Setup'!$C$27>=C71,'Audit Setup'!$C$27<=C71+4),"⚑ MGMT RESPONSES DUE ",""),IF(AND('Audit Setup'!$C$32>=C71,'Audit Setup'!$C$32<=C71+4),"⚑ REPORT RELEASE ",""))))
A72: =IF(39<='Audit Setup'!$B$13,"FW-"&39,"") | C72: =C71+7 | D72: 0 | E72: =-COUNTIFS('Holidays & Skeleton'!$B$5:$B$25,">="&C72,'Holidays & Skeleton'!$B$5:$B$25,"<="&(C72+4))*'Audit Setup'!$B$7 | F72: =-COUNTIFS('Holidays & Skeleton'!$B$29:$B$36,">="&C72,'Holidays & Skeleton'!$B$29:$B$36,"<="&(C72+4))*'Audit Setup'!$B$7 | G72: 0 | H72: =CEILING(MAX(0,SUM(D72:G72)),1) | K72: 0 | L72: =IF(NOT(ISNUMBER(C72)),"",TRIM(CONCATENATE(IF(AND('Audit Setup'!$C$20>=C72,'Audit Setup'!$C$20<=C72+4),"⚑ KICKOFF ",""),IF(AND('Audit Setup'!$C$21>=C72,'Audit Setup'!$C$21<=C72+4),"⚑ END OF PLANNING ",""),IF(AND('Audit Setup'!$C$22>=C72,'Audit Setup'!$C$22<=C72+4),"⚑ OUTLINE TO EXEC ",""),IF(AND('Audit Setup'!$C$23>=C72,'Audit Setup'!$C$23<=C72+4),"⚑ ON-TARGET ",""),IF(AND('Audit Setup'!$C$25>=C72,'Audit Setup'!$C$25<=C72+4),"⚑ DRAFT TO EXEC ",""),IF(AND('Audit Setup'!$C$26>=C72,'Audit Setup'!$C$26<=C72+4),"⚑ EXIT CONFERENCE ",""),IF(AND('Audit Setup'!$C$27>=C72,'Audit Setup'!$C$27<=C72+4),"⚑ MGMT RESPONSES DUE ",""),IF(AND('Audit Setup'!$C$32>=C72,'Audit Setup'!$C$32<=C72+4),"⚑ REPORT RELEASE ",""))))
A73: =IF(40<='Audit Setup'!$B$13,"FW-"&40,"") | C73: =C72+7 | D73: 0 | E73: =-COUNTIFS('Holidays & Skeleton'!$B$5:$B$25,">="&C73,'Holidays & Skeleton'!$B$5:$B$25,"<="&(C73+4))*'Audit Setup'!$B$7 | F73: =-COUNTIFS('Holidays & Skeleton'!$B$29:$B$36,">="&C73,'Holidays & Skeleton'!$B$29:$B$36,"<="&(C73+4))*'Audit Setup'!$B$7 | G73: 0 | H73: =CEILING(MAX(0,SUM(D73:G73)),1) | K73: 0 | L73: =IF(NOT(ISNUMBER(C73)),"",TRIM(CONCATENATE(IF(AND('Audit Setup'!$C$20>=C73,'Audit Setup'!$C$20<=C73+4),"⚑ KICKOFF ",""),IF(AND('Audit Setup'!$C$21>=C73,'Audit Setup'!$C$21<=C73+4),"⚑ END OF PLANNING ",""),IF(AND('Audit Setup'!$C$22>=C73,'Audit Setup'!$C$22<=C73+4),"⚑ OUTLINE TO EXEC ",""),IF(AND('Audit Setup'!$C$23>=C73,'Audit Setup'!$C$23<=C73+4),"⚑ ON-TARGET ",""),IF(AND('Audit Setup'!$C$25>=C73,'Audit Setup'!$C$25<=C73+4),"⚑ DRAFT TO EXEC ",""),IF(AND('Audit Setup'!$C$26>=C73,'Audit Setup'!$C$26<=C73+4),"⚑ EXIT CONFERENCE ",""),IF(AND('Audit Setup'!$C$27>=C73,'Audit Setup'!$C$27<=C73+4),"⚑ MGMT RESPONSES DUE ",""),IF(AND('Audit Setup'!$C$32>=C73,'Audit Setup'!$C$32<=C73+4),"⚑ REPORT RELEASE ",""))))
A74: =" REPORTING - Weeks "&('Audit Setup'!$B$12+'Audit Setup'!$B$13+1)&"-"&'Audit Setup'!$B$16
A75: =IF(1<='Audit Setup'!$B$14,"RP-"&1,"") | C75: ='Audit Setup'!$C$14 | D75: 0 | E75: =-COUNTIFS('Holidays & Skeleton'!$B$5:$B$25,">="&C75,'Holidays & Skeleton'!$B$5:$B$25,"<="&(C75+4))*'Audit Setup'!$B$7 | F75: =-COUNTIFS('Holidays & Skeleton'!$B$29:$B$36,">="&C75,'Holidays & Skeleton'!$B$29:$B$36,"<="&(C75+4))*'Audit Setup'!$B$7 | G75: 0 | H75: =CEILING(MAX(0,SUM(D75:G75)),1) | K75: 0 | L75: =IF(NOT(ISNUMBER(C75)),"",TRIM(CONCATENATE(IF(AND('Audit Setup'!$C$20>=C75,'Audit Setup'!$C$20<=C75+4),"⚑ KICKOFF ",""),IF(AND('Audit Setup'!$C$21>=C75,'Audit Setup'!$C$21<=C75+4),"⚑ END OF PLANNING ",""),IF(AND('Audit Setup'!$C$22>=C75,'Audit Setup'!$C$22<=C75+4),"⚑ OUTLINE TO EXEC ",""),IF(AND('Audit Setup'!$C$23>=C75,'Audit Setup'!$C$23<=C75+4),"⚑ ON-TARGET ",""),IF(AND('Audit Setup'!$C$25>=C75,'Audit Setup'!$C$25<=C75+4),"⚑ DRAFT TO EXEC ",""),IF(AND('Audit Setup'!$C$26>=C75,'Audit Setup'!$C$26<=C75+4),"⚑ EXIT CONFERENCE ",""),IF(AND('Audit Setup'!$C$27>=C75,'Audit Setup'!$C$27<=C75+4),"⚑ MGMT RESPONSES DUE ",""),IF(AND('Audit Setup'!$C$32>=C75,'Audit Setup'!$C$32<=C75+4),"⚑ REPORT RELEASE ",""))))
A76: =IF(2<='Audit Setup'!$B$14,"RP-"&2,"") | C76: =C75+7 | D76: 0 | E76: =-COUNTIFS('Holidays & Skeleton'!$B$5:$B$25,">="&C76,'Holidays & Skeleton'!$B$5:$B$25,"<="&(C76+4))*'Audit Setup'!$B$7 | F76: =-COUNTIFS('Holidays & Skeleton'!$B$29:$B$36,">="&C76,'Holidays & Skeleton'!$B$29:$B$36,"<="&(C76+4))*'Audit Setup'!$B$7 | G76: 0 | H76: =CEILING(MAX(0,SUM(D76:G76)),1) | K76: 0 | L76: =IF(NOT(ISNUMBER(C76)),"",TRIM(CONCATENATE(IF(AND('Audit Setup'!$C$20>=C76,'Audit Setup'!$C$20<=C76+4),"⚑ KICKOFF ",""),IF(AND('Audit Setup'!$C$21>=C76,'Audit Setup'!$C$21<=C76+4),"⚑ END OF PLANNING ",""),IF(AND('Audit Setup'!$C$22>=C76,'Audit Setup'!$C$22<=C76+4),"⚑ OUTLINE TO EXEC ",""),IF(AND('Audit Setup'!$C$23>=C76,'Audit Setup'!$C$23<=C76+4),"⚑ ON-TARGET ",""),IF(AND('Audit Setup'!$C$25>=C76,'Audit Setup'!$C$25<=C76+4),"⚑ DRAFT TO EXEC ",""),IF(AND('Audit Setup'!$C$26>=C76,'Audit Setup'!$C$26<=C76+4),"⚑ EXIT CONFERENCE ",""),IF(AND('Audit Setup'!$C$27>=C76,'Audit Setup'!$C$27<=C76+4),"⚑ MGMT RESPONSES DUE ",""),IF(AND('Audit Setup'!$C$32>=C76,'Audit Setup'!$C$32<=C76+4),"⚑ REPORT RELEASE ",""))))
A77: =IF(3<='Audit Setup'!$B$14,"RP-"&3,"") | C77: =C76+7 | D77: 0 | E77: =-COUNTIFS('Holidays & Skeleton'!$B$5:$B$25,">="&C77,'Holidays & Skeleton'!$B$5:$B$25,"<="&(C77+4))*'Audit Setup'!$B$7 | F77: =-COUNTIFS('Holidays & Skeleton'!$B$29:$B$36,">="&C77,'Holidays & Skeleton'!$B$29:$B$36,"<="&(C77+4))*'Audit Setup'!$B$7 | G77: 0 | H77: =CEILING(MAX(0,SUM(D77:G77)),1) | K77: 0 | L77: =IF(NOT(ISNUMBER(C77)),"",TRIM(CONCATENATE(IF(AND('Audit Setup'!$C$20>=C77,'Audit Setup'!$C$20<=C77+4),"⚑ KICKOFF ",""),IF(AND('Audit Setup'!$C$21>=C77,'Audit Setup'!$C$21<=C77+4),"⚑ END OF PLANNING ",""),IF(AND('Audit Setup'!$C$22>=C77,'Audit Setup'!$C$22<=C77+4),"⚑ OUTLINE TO EXEC ",""),IF(AND('Audit Setup'!$C$23>=C77,'Audit Setup'!$C$23<=C77+4),"⚑ ON-TARGET ",""),IF(AND('Audit Setup'!$C$25>=C77,'Audit Setup'!$C$25<=C77+4),"⚑ DRAFT TO EXEC ",""),IF(AND('Audit Setup'!$C$26>=C77,'Audit Setup'!$C$26<=C77+4),"⚑ EXIT CONFERENCE ",""),IF(AND('Audit Setup'!$C$27>=C77,'Audit Setup'!$C$27<=C77+4),"⚑ MGMT RESPONSES DUE ",""),IF(AND('Audit Setup'!$C$32>=C77,'Audit Setup'!$C$32<=C77+4),"⚑ REPORT RELEASE ",""))))
A78: =IF(4<='Audit Setup'!$B$14,"RP-"&4,"") | C78: =C77+7 | D78: 0 | E78: =-COUNTIFS('Holidays & Skeleton'!$B$5:$B$25,">="&C78,'Holidays & Skeleton'!$B$5:$B$25,"<="&(C78+4))*'Audit Setup'!$B$7 | F78: =-COUNTIFS('Holidays & Skeleton'!$B$29:$B$36,">="&C78,'Holidays & Skeleton'!$B$29:$B$36,"<="&(C78+4))*'Audit Setup'!$B$7 | G78: 0 | H78: =CEILING(MAX(0,SUM(D78:G78)),1) | K78: 0 | L78: =IF(NOT(ISNUMBER(C78)),"",TRIM(CONCATENATE(IF(AND('Audit Setup'!$C$20>=C78,'Audit Setup'!$C$20<=C78+4),"⚑ KICKOFF ",""),IF(AND('Audit Setup'!$C$21>=C78,'Audit Setup'!$C$21<=C78+4),"⚑ END OF PLANNING ",""),IF(AND('Audit Setup'!$C$22>=C78,'Audit Setup'!$C$22<=C78+4),"⚑ OUTLINE TO EXEC ",""),IF(AND('Audit Setup'!$C$23>=C78,'Audit Setup'!$C$23<=C78+4),"⚑ ON-TARGET ",""),IF(AND('Audit Setup'!$C$25>=C78,'Audit Setup'!$C$25<=C78+4),"⚑ DRAFT TO EXEC ",""),IF(AND('Audit Setup'!$C$26>=C78,'Audit Setup'!$C$26<=C78+4),"⚑ EXIT CONFERENCE ",""),IF(AND('Audit Setup'!$C$27>=C78,'Audit Setup'!$C$27<=C78+4),"⚑ MGMT RESPONSES DUE ",""),IF(AND('Audit Setup'!$C$32>=C78,'Audit Setup'!$C$32<=C78+4),"⚑ REPORT RELEASE ",""))))
A79: =IF(5<='Audit Setup'!$B$14,"RP-"&5,"") | C79: =C78+7 | D79: 0 | E79: =-COUNTIFS('Holidays & Skeleton'!$B$5:$B$25,">="&C79,'Holidays & Skeleton'!$B$5:$B$25,"<="&(C79+4))*'Audit Setup'!$B$7 | F79: =-COUNTIFS('Holidays & Skeleton'!$B$29:$B$36,">="&C79,'Holidays & Skeleton'!$B$29:$B$36,"<="&(C79+4))*'Audit Setup'!$B$7 | G79: 0 | H79: =CEILING(MAX(0,SUM(D79:G79)),1) | K79: 0 | L79: =IF(NOT(ISNUMBER(C79)),"",TRIM(CONCATENATE(IF(AND('Audit Setup'!$C$20>=C79,'Audit Setup'!$C$20<=C79+4),"⚑ KICKOFF ",""),IF(AND('Audit Setup'!$C$21>=C79,'Audit Setup'!$C$21<=C79+4),"⚑ END OF PLANNING ",""),IF(AND('Audit Setup'!$C$22>=C79,'Audit Setup'!$C$22<=C79+4),"⚑ OUTLINE TO EXEC ",""),IF(AND('Audit Setup'!$C$23>=C79,'Audit Setup'!$C$23<=C79+4),"⚑ ON-TARGET ",""),IF(AND('Audit Setup'!$C$25>=C79,'Audit Setup'!$C$25<=C79+4),"⚑ DRAFT TO EXEC ",""),IF(AND('Audit Setup'!$C$26>=C79,'Audit Setup'!$C$26<=C79+4),"⚑ EXIT CONFERENCE ",""),IF(AND('Audit Setup'!$C$27>=C79,'Audit Setup'!$C$27<=C79+4),"⚑ MGMT RESPONSES DUE ",""),IF(AND('Audit Setup'!$C$32>=C79,'Audit Setup'!$C$32<=C79+4),"⚑ REPORT RELEASE ",""))))
A80: =IF(6<='Audit Setup'!$B$14,"RP-"&6,"") | C80: =C79+7 | D80: 0 | E80: =-COUNTIFS('Holidays & Skeleton'!$B$5:$B$25,">="&C80,'Holidays & Skeleton'!$B$5:$B$25,"<="&(C80+4))*'Audit Setup'!$B$7 | F80: =-COUNTIFS('Holidays & Skeleton'!$B$29:$B$36,">="&C80,'Holidays & Skeleton'!$B$29:$B$36,"<="&(C80+4))*'Audit Setup'!$B$7 | G80: 0 | H80: =CEILING(MAX(0,SUM(D80:G80)),1) | K80: 0 | L80: =IF(NOT(ISNUMBER(C80)),"",TRIM(CONCATENATE(IF(AND('Audit Setup'!$C$20>=C80,'Audit Setup'!$C$20<=C80+4),"⚑ KICKOFF ",""),IF(AND('Audit Setup'!$C$21>=C80,'Audit Setup'!$C$21<=C80+4),"⚑ END OF PLANNING ",""),IF(AND('Audit Setup'!$C$22>=C80,'Audit Setup'!$C$22<=C80+4),"⚑ OUTLINE TO EXEC ",""),IF(AND('Audit Setup'!$C$23>=C80,'Audit Setup'!$C$23<=C80+4),"⚑ ON-TARGET ",""),IF(AND('Audit Setup'!$C$25>=C80,'Audit Setup'!$C$25<=C80+4),"⚑ DRAFT TO EXEC ",""),IF(AND('Audit Setup'!$C$26>=C80,'Audit Setup'!$C$26<=C80+4),"⚑ EXIT CONFERENCE ",""),IF(AND('Audit Setup'!$C$27>=C80,'Audit Setup'!$C$27<=C80+4),"⚑ MGMT RESPONSES DUE ",""),IF(AND('Audit Setup'!$C$32>=C80,'Audit Setup'!$C$32<=C80+4),"⚑ REPORT RELEASE ",""))))
A81: =IF(7<='Audit Setup'!$B$14,"RP-"&7,"") | C81: =C80+7 | D81: 0 | E81: =-COUNTIFS('Holidays & Skeleton'!$B$5:$B$25,">="&C81,'Holidays & Skeleton'!$B$5:$B$25,"<="&(C81+4))*'Audit Setup'!$B$7 | F81: =-COUNTIFS('Holidays & Skeleton'!$B$29:$B$36,">="&C81,'Holidays & Skeleton'!$B$29:$B$36,"<="&(C81+4))*'Audit Setup'!$B$7 | G81: 0 | H81: =CEILING(MAX(0,SUM(D81:G81)),1) | K81: 0 | L81: =IF(NOT(ISNUMBER(C81)),"",TRIM(CONCATENATE(IF(AND('Audit Setup'!$C$20>=C81,'Audit Setup'!$C$20<=C81+4),"⚑ KICKOFF ",""),IF(AND('Audit Setup'!$C$21>=C81,'Audit Setup'!$C$21<=C81+4),"⚑ END OF PLANNING ",""),IF(AND('Audit Setup'!$C$22>=C81,'Audit Setup'!$C$22<=C81+4),"⚑ OUTLINE TO EXEC ",""),IF(AND('Audit Setup'!$C$23>=C81,'Audit Setup'!$C$23<=C81+4),"⚑ ON-TARGET ",""),IF(AND('Audit Setup'!$C$25>=C81,'Audit Setup'!$C$25<=C81+4),"⚑ DRAFT TO EXEC ",""),IF(AND('Audit Setup'!$C$26>=C81,'Audit Setup'!$C$26<=C81+4),"⚑ EXIT CONFERENCE ",""),IF(AND('Audit Setup'!$C$27>=C81,'Audit Setup'!$C$27<=C81+4),"⚑ MGMT RESPONSES DUE ",""),IF(AND('Audit Setup'!$C$32>=C81,'Audit Setup'!$C$32<=C81+4),"⚑ REPORT RELEASE ",""))))
A82: =IF(8<='Audit Setup'!$B$14,"RP-"&8,"") | C82: =C81+7 | D82: 0 | E82: =-COUNTIFS('Holidays & Skeleton'!$B$5:$B$25,">="&C82,'Holidays & Skeleton'!$B$5:$B$25,"<="&(C82+4))*'Audit Setup'!$B$7 | F82: =-COUNTIFS('Holidays & Skeleton'!$B$29:$B$36,">="&C82,'Holidays & Skeleton'!$B$29:$B$36,"<="&(C82+4))*'Audit Setup'!$B$7 | G82: 0 | H82: =CEILING(MAX(0,SUM(D82:G82)),1) | K82: 0 | L82: =IF(NOT(ISNUMBER(C82)),"",TRIM(CONCATENATE(IF(AND('Audit Setup'!$C$20>=C82,'Audit Setup'!$C$20<=C82+4),"⚑ KICKOFF ",""),IF(AND('Audit Setup'!$C$21>=C82,'Audit Setup'!$C$21<=C82+4),"⚑ END OF PLANNING ",""),IF(AND('Audit Setup'!$C$22>=C82,'Audit Setup'!$C$22<=C82+4),"⚑ OUTLINE TO EXEC ",""),IF(AND('Audit Setup'!$C$23>=C82,'Audit Setup'!$C$23<=C82+4),"⚑ ON-TARGET ",""),IF(AND('Audit Setup'!$C$25>=C82,'Audit Setup'!$C$25<=C82+4),"⚑ DRAFT TO EXEC ",""),IF(AND('Audit Setup'!$C$26>=C82,'Audit Setup'!$C$26<=C82+4),"⚑ EXIT CONFERENCE ",""),IF(AND('Audit Setup'!$C$27>=C82,'Audit Setup'!$C$27<=C82+4),"⚑ MGMT RESPONSES DUE ",""),IF(AND('Audit Setup'!$C$32>=C82,'Audit Setup'!$C$32<=C82+4),"⚑ REPORT RELEASE ",""))))
A83: =IF(9<='Audit Setup'!$B$14,"RP-"&9,"") | C83: =C82+7 | D83: 0 | E83: =-COUNTIFS('Holidays & Skeleton'!$B$5:$B$25,">="&C83,'Holidays & Skeleton'!$B$5:$B$25,"<="&(C83+4))*'Audit Setup'!$B$7 | F83: =-COUNTIFS('Holidays & Skeleton'!$B$29:$B$36,">="&C83,'Holidays & Skeleton'!$B$29:$B$36,"<="&(C83+4))*'Audit Setup'!$B$7 | G83: 0 | H83: =CEILING(MAX(0,SUM(D83:G83)),1) | K83: 0 | L83: =IF(NOT(ISNUMBER(C83)),"",TRIM(CONCATENATE(IF(AND('Audit Setup'!$C$20>=C83,'Audit Setup'!$C$20<=C83+4),"⚑ KICKOFF ",""),IF(AND('Audit Setup'!$C$21>=C83,'Audit Setup'!$C$21<=C83+4),"⚑ END OF PLANNING ",""),IF(AND('Audit Setup'!$C$22>=C83,'Audit Setup'!$C$22<=C83+4),"⚑ OUTLINE TO EXEC ",""),IF(AND('Audit Setup'!$C$23>=C83,'Audit Setup'!$C$23<=C83+4),"⚑ ON-TARGET ",""),IF(AND('Audit Setup'!$C$25>=C83,'Audit Setup'!$C$25<=C83+4),"⚑ DRAFT TO EXEC ",""),IF(AND('Audit Setup'!$C$26>=C83,'Audit Setup'!$C$26<=C83+4),"⚑ EXIT CONFERENCE ",""),IF(AND('Audit Setup'!$C$27>=C83,'Audit Setup'!$C$27<=C83+4),"⚑ MGMT RESPONSES DUE ",""),IF(AND('Audit Setup'!$C$32>=C83,'Audit Setup'!$C$32<=C83+4),"⚑ REPORT RELEASE ",""))))
A84: =IF(10<='Audit Setup'!$B$14,"RP-"&10,"") | C84: =C83+7 | D84: 0 | E84: =-COUNTIFS('Holidays & Skeleton'!$B$5:$B$25,">="&C84,'Holidays & Skeleton'!$B$5:$B$25,"<="&(C84+4))*'Audit Setup'!$B$7 | F84: =-COUNTIFS('Holidays & Skeleton'!$B$29:$B$36,">="&C84,'Holidays & Skeleton'!$B$29:$B$36,"<="&(C84+4))*'Audit Setup'!$B$7 | G84: 0 | H84: =CEILING(MAX(0,SUM(D84:G84)),1) | K84: 0 | L84: =IF(NOT(ISNUMBER(C84)),"",TRIM(CONCATENATE(IF(AND('Audit Setup'!$C$20>=C84,'Audit Setup'!$C$20<=C84+4),"⚑ KICKOFF ",""),IF(AND('Audit Setup'!$C$21>=C84,'Audit Setup'!$C$21<=C84+4),"⚑ END OF PLANNING ",""),IF(AND('Audit Setup'!$C$22>=C84,'Audit Setup'!$C$22<=C84+4),"⚑ OUTLINE TO EXEC ",""),IF(AND('Audit Setup'!$C$23>=C84,'Audit Setup'!$C$23<=C84+4),"⚑ ON-TARGET ",""),IF(AND('Audit Setup'!$C$25>=C84,'Audit Setup'!$C$25<=C84+4),"⚑ DRAFT TO EXEC ",""),IF(AND('Audit Setup'!$C$26>=C84,'Audit Setup'!$C$26<=C84+4),"⚑ EXIT CONFERENCE ",""),IF(AND('Audit Setup'!$C$27>=C84,'Audit Setup'!$C$27<=C84+4),"⚑ MGMT RESPONSES DUE ",""),IF(AND('Audit Setup'!$C$32>=C84,'Audit Setup'!$C$32<=C84+4),"⚑ REPORT RELEASE ",""))))
A85: =IF(11<='Audit Setup'!$B$14,"RP-"&11,"") | C85: =C84+7 | D85: 0 | E85: =-COUNTIFS('Holidays & Skeleton'!$B$5:$B$25,">="&C85,'Holidays & Skeleton'!$B$5:$B$25,"<="&(C85+4))*'Audit Setup'!$B$7 | F85: =-COUNTIFS('Holidays & Skeleton'!$B$29:$B$36,">="&C85,'Holidays & Skeleton'!$B$29:$B$36,"<="&(C85+4))*'Audit Setup'!$B$7 | G85: 0 | H85: =CEILING(MAX(0,SUM(D85:G85)),1) | K85: 0 | L85: =IF(NOT(ISNUMBER(C85)),"",TRIM(CONCATENATE(IF(AND('Audit Setup'!$C$20>=C85,'Audit Setup'!$C$20<=C85+4),"⚑ KICKOFF ",""),IF(AND('Audit Setup'!$C$21>=C85,'Audit Setup'!$C$21<=C85+4),"⚑ END OF PLANNING ",""),IF(AND('Audit Setup'!$C$22>=C85,'Audit Setup'!$C$22<=C85+4),"⚑ OUTLINE TO EXEC ",""),IF(AND('Audit Setup'!$C$23>=C85,'Audit Setup'!$C$23<=C85+4),"⚑ ON-TARGET ",""),IF(AND('Audit Setup'!$C$25>=C85,'Audit Setup'!$C$25<=C85+4),"⚑ DRAFT TO EXEC ",""),IF(AND('Audit Setup'!$C$26>=C85,'Audit Setup'!$C$26<=C85+4),"⚑ EXIT CONFERENCE ",""),IF(AND('Audit Setup'!$C$27>=C85,'Audit Setup'!$C$27<=C85+4),"⚑ MGMT RESPONSES DUE ",""),IF(AND('Audit Setup'!$C$32>=C85,'Audit Setup'!$C$32<=C85+4),"⚑ REPORT RELEASE ",""))))
A86: =IF(12<='Audit Setup'!$B$14,"RP-"&12,"") | C86: =C85+7 | D86: 0 | E86: =-COUNTIFS('Holidays & Skeleton'!$B$5:$B$25,">="&C86,'Holidays & Skeleton'!$B$5:$B$25,"<="&(C86+4))*'Audit Setup'!$B$7 | F86: =-COUNTIFS('Holidays & Skeleton'!$B$29:$B$36,">="&C86,'Holidays & Skeleton'!$B$29:$B$36,"<="&(C86+4))*'Audit Setup'!$B$7 | G86: 0 | H86: =CEILING(MAX(0,SUM(D86:G86)),1) | K86: 0 | L86: =IF(NOT(ISNUMBER(C86)),"",TRIM(CONCATENATE(IF(AND('Audit Setup'!$C$20>=C86,'Audit Setup'!$C$20<=C86+4),"⚑ KICKOFF ",""),IF(AND('Audit Setup'!$C$21>=C86,'Audit Setup'!$C$21<=C86+4),"⚑ END OF PLANNING ",""),IF(AND('Audit Setup'!$C$22>=C86,'Audit Setup'!$C$22<=C86+4),"⚑ OUTLINE TO EXEC ",""),IF(AND('Audit Setup'!$C$23>=C86,'Audit Setup'!$C$23<=C86+4),"⚑ ON-TARGET ",""),IF(AND('Audit Setup'!$C$25>=C86,'Audit Setup'!$C$25<=C86+4),"⚑ DRAFT TO EXEC ",""),IF(AND('Audit Setup'!$C$26>=C86,'Audit Setup'!$C$26<=C86+4),"⚑ EXIT CONFERENCE ",""),IF(AND('Audit Setup'!$C$27>=C86,'Audit Setup'!$C$27<=C86+4),"⚑ MGMT RESPONSES DUE ",""),IF(AND('Audit Setup'!$C$32>=C86,'Audit Setup'!$C$32<=C86+4),"⚑ REPORT RELEASE ",""))))
A87: =IF(13<='Audit Setup'!$B$14,"RP-"&13,"") | C87: =C86+7 | D87: 0 | E87: =-COUNTIFS('Holidays & Skeleton'!$B$5:$B$25,">="&C87,'Holidays & Skeleton'!$B$5:$B$25,"<="&(C87+4))*'Audit Setup'!$B$7 | F87: =-COUNTIFS('Holidays & Skeleton'!$B$29:$B$36,">="&C87,'Holidays & Skeleton'!$B$29:$B$36,"<="&(C87+4))*'Audit Setup'!$B$7 | G87: 0 | H87: =CEILING(MAX(0,SUM(D87:G87)),1) | K87: 0 | L87: =IF(NOT(ISNUMBER(C87)),"",TRIM(CONCATENATE(IF(AND('Audit Setup'!$C$20>=C87,'Audit Setup'!$C$20<=C87+4),"⚑ KICKOFF ",""),IF(AND('Audit Setup'!$C$21>=C87,'Audit Setup'!$C$21<=C87+4),"⚑ END OF PLANNING ",""),IF(AND('Audit Setup'!$C$22>=C87,'Audit Setup'!$C$22<=C87+4),"⚑ OUTLINE TO EXEC ",""),IF(AND('Audit Setup'!$C$23>=C87,'Audit Setup'!$C$23<=C87+4),"⚑ ON-TARGET ",""),IF(AND('Audit Setup'!$C$25>=C87,'Audit Setup'!$C$25<=C87+4),"⚑ DRAFT TO EXEC ",""),IF(AND('Audit Setup'!$C$26>=C87,'Audit Setup'!$C$26<=C87+4),"⚑ EXIT CONFERENCE ",""),IF(AND('Audit Setup'!$C$27>=C87,'Audit Setup'!$C$27<=C87+4),"⚑ MGMT RESPONSES DUE ",""),IF(AND('Audit Setup'!$C$32>=C87,'Audit Setup'!$C$32<=C87+4),"⚑ REPORT RELEASE ",""))))
A88: =IF(14<='Audit Setup'!$B$14,"RP-"&14,"") | C88: =C87+7 | D88: 0 | E88: =-COUNTIFS('Holidays & Skeleton'!$B$5:$B$25,">="&C88,'Holidays & Skeleton'!$B$5:$B$25,"<="&(C88+4))*'Audit Setup'!$B$7 | F88: =-COUNTIFS('Holidays & Skeleton'!$B$29:$B$36,">="&C88,'Holidays & Skeleton'!$B$29:$B$36,"<="&(C88+4))*'Audit Setup'!$B$7 | G88: 0 | H88: =CEILING(MAX(0,SUM(D88:G88)),1) | K88: 0 | L88: =IF(NOT(ISNUMBER(C88)),"",TRIM(CONCATENATE(IF(AND('Audit Setup'!$C$20>=C88,'Audit Setup'!$C$20<=C88+4),"⚑ KICKOFF ",""),IF(AND('Audit Setup'!$C$21>=C88,'Audit Setup'!$C$21<=C88+4),"⚑ END OF PLANNING ",""),IF(AND('Audit Setup'!$C$22>=C88,'Audit Setup'!$C$22<=C88+4),"⚑ OUTLINE TO EXEC ",""),IF(AND('Audit Setup'!$C$23>=C88,'Audit Setup'!$C$23<=C88+4),"⚑ ON-TARGET ",""),IF(AND('Audit Setup'!$C$25>=C88,'Audit Setup'!$C$25<=C88+4),"⚑ DRAFT TO EXEC ",""),IF(AND('Audit Setup'!$C$26>=C88,'Audit Setup'!$C$26<=C88+4),"⚑ EXIT CONFERENCE ",""),IF(AND('Audit Setup'!$C$27>=C88,'Audit Setup'!$C$27<=C88+4),"⚑ MGMT RESPONSES DUE ",""),IF(AND('Audit Setup'!$C$32>=C88,'Audit Setup'!$C$32<=C88+4),"⚑ REPORT RELEASE ",""))))
A89: =IF(15<='Audit Setup'!$B$14,"RP-"&15,"") | C89: =C88+7 | D89: 0 | E89: =-COUNTIFS('Holidays & Skeleton'!$B$5:$B$25,">="&C89,'Holidays & Skeleton'!$B$5:$B$25,"<="&(C89+4))*'Audit Setup'!$B$7 | F89: =-COUNTIFS('Holidays & Skeleton'!$B$29:$B$36,">="&C89,'Holidays & Skeleton'!$B$29:$B$36,"<="&(C89+4))*'Audit Setup'!$B$7 | G89: 0 | H89: =CEILING(MAX(0,SUM(D89:G89)),1) | K89: 0 | L89: =IF(NOT(ISNUMBER(C89)),"",TRIM(CONCATENATE(IF(AND('Audit Setup'!$C$20>=C89,'Audit Setup'!$C$20<=C89+4),"⚑ KICKOFF ",""),IF(AND('Audit Setup'!$C$21>=C89,'Audit Setup'!$C$21<=C89+4),"⚑ END OF PLANNING ",""),IF(AND('Audit Setup'!$C$22>=C89,'Audit Setup'!$C$22<=C89+4),"⚑ OUTLINE TO EXEC ",""),IF(AND('Audit Setup'!$C$23>=C89,'Audit Setup'!$C$23<=C89+4),"⚑ ON-TARGET ",""),IF(AND('Audit Setup'!$C$25>=C89,'Audit Setup'!$C$25<=C89+4),"⚑ DRAFT TO EXEC ",""),IF(AND('Audit Setup'!$C$26>=C89,'Audit Setup'!$C$26<=C89+4),"⚑ EXIT CONFERENCE ",""),IF(AND('Audit Setup'!$C$27>=C89,'Audit Setup'!$C$27<=C89+4),"⚑ MGMT RESPONSES DUE ",""),IF(AND('Audit Setup'!$C$32>=C89,'Audit Setup'!$C$32<=C89+4),"⚑ REPORT RELEASE ",""))))
A90: =IF(16<='Audit Setup'!$B$14,"RP-"&16,"") | C90: =C89+7 | D90: 0 | E90: =-COUNTIFS('Holidays & Skeleton'!$B$5:$B$25,">="&C90,'Holidays & Skeleton'!$B$5:$B$25,"<="&(C90+4))*'Audit Setup'!$B$7 | F90: =-COUNTIFS('Holidays & Skeleton'!$B$29:$B$36,">="&C90,'Holidays & Skeleton'!$B$29:$B$36,"<="&(C90+4))*'Audit Setup'!$B$7 | G90: 0 | H90: =CEILING(MAX(0,SUM(D90:G90)),1) | K90: 0 | L90: =IF(NOT(ISNUMBER(C90)),"",TRIM(CONCATENATE(IF(AND('Audit Setup'!$C$20>=C90,'Audit Setup'!$C$20<=C90+4),"⚑ KICKOFF ",""),IF(AND('Audit Setup'!$C$21>=C90,'Audit Setup'!$C$21<=C90+4),"⚑ END OF PLANNING ",""),IF(AND('Audit Setup'!$C$22>=C90,'Audit Setup'!$C$22<=C90+4),"⚑ OUTLINE TO EXEC ",""),IF(AND('Audit Setup'!$C$23>=C90,'Audit Setup'!$C$23<=C90+4),"⚑ ON-TARGET ",""),IF(AND('Audit Setup'!$C$25>=C90,'Audit Setup'!$C$25<=C90+4),"⚑ DRAFT TO EXEC ",""),IF(AND('Audit Setup'!$C$26>=C90,'Audit Setup'!$C$26<=C90+4),"⚑ EXIT CONFERENCE ",""),IF(AND('Audit Setup'!$C$27>=C90,'Audit Setup'!$C$27<=C90+4),"⚑ MGMT RESPONSES DUE ",""),IF(AND('Audit Setup'!$C$32>=C90,'Audit Setup'!$C$32<=C90+4),"⚑ REPORT RELEASE ",""))))
A91: =IF(17<='Audit Setup'!$B$14,"RP-"&17,"") | C91: =C90+7 | D91: 0 | E91: =-COUNTIFS('Holidays & Skeleton'!$B$5:$B$25,">="&C91,'Holidays & Skeleton'!$B$5:$B$25,"<="&(C91+4))*'Audit Setup'!$B$7 | F91: =-COUNTIFS('Holidays & Skeleton'!$B$29:$B$36,">="&C91,'Holidays & Skeleton'!$B$29:$B$36,"<="&(C91+4))*'Audit Setup'!$B$7 | G91: 0 | H91: =CEILING(MAX(0,SUM(D91:G91)),1) | K91: 0 | L91: =IF(NOT(ISNUMBER(C91)),"",TRIM(CONCATENATE(IF(AND('Audit Setup'!$C$20>=C91,'Audit Setup'!$C$20<=C91+4),"⚑ KICKOFF ",""),IF(AND('Audit Setup'!$C$21>=C91,'Audit Setup'!$C$21<=C91+4),"⚑ END OF PLANNING ",""),IF(AND('Audit Setup'!$C$22>=C91,'Audit Setup'!$C$22<=C91+4),"⚑ OUTLINE TO EXEC ",""),IF(AND('Audit Setup'!$C$23>=C91,'Audit Setup'!$C$23<=C91+4),"⚑ ON-TARGET ",""),IF(AND('Audit Setup'!$C$25>=C91,'Audit Setup'!$C$25<=C91+4),"⚑ DRAFT TO EXEC ",""),IF(AND('Audit Setup'!$C$26>=C91,'Audit Setup'!$C$26<=C91+4),"⚑ EXIT CONFERENCE ",""),IF(AND('Audit Setup'!$C$27>=C91,'Audit Setup'!$C$27<=C91+4),"⚑ MGMT RESPONSES DUE ",""),IF(AND('Audit Setup'!$C$32>=C91,'Audit Setup'!$C$32<=C91+4),"⚑ REPORT RELEASE ",""))))
A92: =IF(18<='Audit Setup'!$B$14,"RP-"&18,"") | C92: =C91+7 | D92: 0 | E92: =-COUNTIFS('Holidays & Skeleton'!$B$5:$B$25,">="&C92,'Holidays & Skeleton'!$B$5:$B$25,"<="&(C92+4))*'Audit Setup'!$B$7 | F92: =-COUNTIFS('Holidays & Skeleton'!$B$29:$B$36,">="&C92,'Holidays & Skeleton'!$B$29:$B$36,"<="&(C92+4))*'Audit Setup'!$B$7 | G92: 0 | H92: =CEILING(MAX(0,SUM(D92:G92)),1) | K92: 0 | L92: =IF(NOT(ISNUMBER(C92)),"",TRIM(CONCATENATE(IF(AND('Audit Setup'!$C$20>=C92,'Audit Setup'!$C$20<=C92+4),"⚑ KICKOFF ",""),IF(AND('Audit Setup'!$C$21>=C92,'Audit Setup'!$C$21<=C92+4),"⚑ END OF PLANNING ",""),IF(AND('Audit Setup'!$C$22>=C92,'Audit Setup'!$C$22<=C92+4),"⚑ OUTLINE TO EXEC ",""),IF(AND('Audit Setup'!$C$23>=C92,'Audit Setup'!$C$23<=C92+4),"⚑ ON-TARGET ",""),IF(AND('Audit Setup'!$C$25>=C92,'Audit Setup'!$C$25<=C92+4),"⚑ DRAFT TO EXEC ",""),IF(AND('Audit Setup'!$C$26>=C92,'Audit Setup'!$C$26<=C92+4),"⚑ EXIT CONFERENCE ",""),IF(AND('Audit Setup'!$C$27>=C92,'Audit Setup'!$C$27<=C92+4),"⚑ MGMT RESPONSES DUE ",""),IF(AND('Audit Setup'!$C$32>=C92,'Audit Setup'!$C$32<=C92+4),"⚑ REPORT RELEASE ",""))))
A93: =IF(19<='Audit Setup'!$B$14,"RP-"&19,"") | C93: =C92+7 | D93: 0 | E93: =-COUNTIFS('Holidays & Skeleton'!$B$5:$B$25,">="&C93,'Holidays & Skeleton'!$B$5:$B$25,"<="&(C93+4))*'Audit Setup'!$B$7 | F93: =-COUNTIFS('Holidays & Skeleton'!$B$29:$B$36,">="&C93,'Holidays & Skeleton'!$B$29:$B$36,"<="&(C93+4))*'Audit Setup'!$B$7 | G93: 0 | H93: =CEILING(MAX(0,SUM(D93:G93)),1) | K93: 0 | L93: =IF(NOT(ISNUMBER(C93)),"",TRIM(CONCATENATE(IF(AND('Audit Setup'!$C$20>=C93,'Audit Setup'!$C$20<=C93+4),"⚑ KICKOFF ",""),IF(AND('Audit Setup'!$C$21>=C93,'Audit Setup'!$C$21<=C93+4),"⚑ END OF PLANNING ",""),IF(AND('Audit Setup'!$C$22>=C93,'Audit Setup'!$C$22<=C93+4),"⚑ OUTLINE TO EXEC ",""),IF(AND('Audit Setup'!$C$23>=C93,'Audit Setup'!$C$23<=C93+4),"⚑ ON-TARGET ",""),IF(AND('Audit Setup'!$C$25>=C93,'Audit Setup'!$C$25<=C93+4),"⚑ DRAFT TO EXEC ",""),IF(AND('Audit Setup'!$C$26>=C93,'Audit Setup'!$C$26<=C93+4),"⚑ EXIT CONFERENCE ",""),IF(AND('Audit Setup'!$C$27>=C93,'Audit Setup'!$C$27<=C93+4),"⚑ MGMT RESPONSES DUE ",""),IF(AND('Audit Setup'!$C$32>=C93,'Audit Setup'!$C$32<=C93+4),"⚑ REPORT RELEASE ",""))))
A94: =IF(20<='Audit Setup'!$B$14,"RP-"&20,"") | C94: =C93+7 | D94: 0 | E94: =-COUNTIFS('Holidays & Skeleton'!$B$5:$B$25,">="&C94,'Holidays & Skeleton'!$B$5:$B$25,"<="&(C94+4))*'Audit Setup'!$B$7 | F94: =-COUNTIFS('Holidays & Skeleton'!$B$29:$B$36,">="&C94,'Holidays & Skeleton'!$B$29:$B$36,"<="&(C94+4))*'Audit Setup'!$B$7 | G94: 0 | H94: =CEILING(MAX(0,SUM(D94:G94)),1) | K94: 0 | L94: =IF(NOT(ISNUMBER(C94)),"",TRIM(CONCATENATE(IF(AND('Audit Setup'!$C$20>=C94,'Audit Setup'!$C$20<=C94+4),"⚑ KICKOFF ",""),IF(AND('Audit Setup'!$C$21>=C94,'Audit Setup'!$C$21<=C94+4),"⚑ END OF PLANNING ",""),IF(AND('Audit Setup'!$C$22>=C94,'Audit Setup'!$C$22<=C94+4),"⚑ OUTLINE TO EXEC ",""),IF(AND('Audit Setup'!$C$23>=C94,'Audit Setup'!$C$23<=C94+4),"⚑ ON-TARGET ",""),IF(AND('Audit Setup'!$C$25>=C94,'Audit Setup'!$C$25<=C94+4),"⚑ DRAFT TO EXEC ",""),IF(AND('Audit Setup'!$C$26>=C94,'Audit Setup'!$C$26<=C94+4),"⚑ EXIT CONFERENCE ",""),IF(AND('Audit Setup'!$C$27>=C94,'Audit Setup'!$C$27<=C94+4),"⚑ MGMT RESPONSES DUE ",""),IF(AND('Audit Setup'!$C$32>=C94,'Audit Setup'!$C$32<=C94+4),"⚑ REPORT RELEASE ",""))))
A95: TOTALS | D95: =SUM(D8:D32,D34:D73,D75:D94) | E95: =SUM(E8:E32,E34:E73,E75:E94) | F95: =SUM(F8:F32,F34:F73,F75:F94) | G95: =SUM(G8:G32,G34:G73,G75:G94) | H95: =SUM(H8:H32,H34:H73,H75:H94) | K95: =SUM(K8:K32,K34:K73,K75:K94)
A96: Variance: Actual (K) minus Total Available (H) | H96: =K95-H95 | I96: Positive = over budget | Negative = under budget

Sheet Resource Asst PM
A1: Audit Resource Tracker | v4 | Asst PM
A2: Resource Name: | C2: Asst PM
A3: Audit / Project: | C3: Enter audit name
A4: Phase structure driven by 'Audit Setup'. Blue = manual entry.
A6: Week # | B6: Task Assignment | C6: Week Of (Mon) | D6: Hours Avail. | E6: (-) Business Holidays | F6: (-) Skeleton Days | G6: (-) Leave Planned | H6: Total Avail. | K6: Actual Hrs | L6: Milestones This Week
A7: =" PLANNING - Weeks 1-"&'Audit Setup'!$B$12
A8: =IF(1<='Audit Setup'!$B$12,"PL-"&1,"") | C8: ='Audit Setup'!$C$12 | D8: 0 | E8: =-COUNTIFS('Holidays & Skeleton'!$B$5:$B$25,">="&C8,'Holidays & Skeleton'!$B$5:$B$25,"<="&(C8+4))*'Audit Setup'!$B$7 | F8: =-COUNTIFS('Holidays & Skeleton'!$B$29:$B$36,">="&C8,'Holidays & Skeleton'!$B$29:$B$36,"<="&(C8+4))*'Audit Setup'!$B$7 | G8: 0 | H8: =CEILING(MAX(0,SUM(D8:G8)),1) | K8: 0 | L8: =IF(NOT(ISNUMBER(C8)),"",TRIM(CONCATENATE(IF(AND('Audit Setup'!$C$20>=C8,'Audit Setup'!$C$20<=C8+4),"⚑ KICKOFF ",""),IF(AND('Audit Setup'!$C$21>=C8,'Audit Setup'!$C$21<=C8+4),"⚑ END OF PLANNING ",""),IF(AND('Audit Setup'!$C$22>=C8,'Audit Setup'!$C$22<=C8+4),"⚑ OUTLINE TO EXEC ",""),IF(AND('Audit Setup'!$C$23>=C8,'Audit Setup'!$C$23<=C8+4),"⚑ ON-TARGET ",""),IF(AND('Audit Setup'!$C$25>=C8,'Audit Setup'!$C$25<=C8+4),"⚑ DRAFT TO EXEC ",""),IF(AND('Audit Setup'!$C$26>=C8,'Audit Setup'!$C$26<=C8+4),"⚑ EXIT CONFERENCE ",""),IF(AND('Audit Setup'!$C$27>=C8,'Audit Setup'!$C$27<=C8+4),"⚑ MGMT RESPONSES DUE ",""),IF(AND('Audit Setup'!$C$32>=C8,'Audit Setup'!$C$32<=C8+4),"⚑ REPORT RELEASE ",""))))
A9: =IF(2<='Audit Setup'!$B$12,"PL-"&2,"") | C9: =C8+7 | D9: 0 | E9: =-COUNTIFS('Holidays & Skeleton'!$B$5:$B$25,">="&C9,'Holidays & Skeleton'!$B$5:$B$25,"<="&(C9+4))*'Audit Setup'!$B$7 | F9: =-COUNTIFS('Holidays & Skeleton'!$B$29:$B$36,">="&C9,'Holidays & Skeleton'!$B$29:$B$36,"<="&(C9+4))*'Audit Setup'!$B$7 | G9: 0 | H9: =CEILING(MAX(0,SUM(D9:G9)),1) | K9: 0 | L9: =IF(NOT(ISNUMBER(C9)),"",TRIM(CONCATENATE(IF(AND('Audit Setup'!$C$20>=C9,'Audit Setup'!$C$20<=C9+4),"⚑ KICKOFF ",""),IF(AND('Audit Setup'!$C$21>=C9,'Audit Setup'!$C$21<=C9+4),"⚑ END OF PLANNING ",""),IF(AND('Audit Setup'!$C$22>=C9,'Audit Setup'!$C$22<=C9+4),"⚑ OUTLINE TO EXEC ",""),IF(AND('Audit Setup'!$C$23>=C9,'Audit Setup'!$C$23<=C9+4),"⚑ ON-TARGET ",""),IF(AND('Audit Setup'!$C$25>=C9,'Audit Setup'!$C$25<=C9+4),"⚑ DRAFT TO EXEC ",""),IF(AND('Audit Setup'!$C$26>=C9,'Audit Setup'!$C$26<=C9+4),"⚑ EXIT CONFERENCE ",""),IF(AND('Audit Setup'!$C$27>=C9,'Audit Setup'!$C$27<=C9+4),"⚑ MGMT RESPONSES DUE ",""),IF(AND('Audit Setup'!$C$32>=C9,'Audit Setup'!$C$32<=C9+4),"⚑ REPORT RELEASE ",""))))
A10: =IF(3<='Audit Setup'!$B$12,"PL-"&3,"") | C10: =C9+7 | D10: 0 | E10: =-COUNTIFS('Holidays & Skeleton'!$B$5:$B$25,">="&C10,'Holidays & Skeleton'!$B$5:$B$25,"<="&(C10+4))*'Audit Setup'!$B$7 | F10: =-COUNTIFS('Holidays & Skeleton'!$B$29:$B$36,">="&C10,'Holidays & Skeleton'!$B$29:$B$36,"<="&(C10+4))*'Audit Setup'!$B$7 | G10: 0 | H10: =CEILING(MAX(0,SUM(D10:G10)),1) | K10: 0 | L10: =IF(NOT(ISNUMBER(C10)),"",TRIM(CONCATENATE(IF(AND('Audit Setup'!$C$20>=C10,'Audit Setup'!$C$20<=C10+4),"⚑ KICKOFF ",""),IF(AND('Audit Setup'!$C$21>=C10,'Audit Setup'!$C$21<=C10+4),"⚑ END OF PLANNING ",""),IF(AND('Audit Setup'!$C$22>=C10,'Audit Setup'!$C$22<=C10+4),"⚑ OUTLINE TO EXEC ",""),IF(AND('Audit Setup'!$C$23>=C10,'Audit Setup'!$C$23<=C10+4),"⚑ ON-TARGET ",""),IF(AND('Audit Setup'!$C$25>=C10,'Audit Setup'!$C$25<=C10+4),"⚑ DRAFT TO EXEC ",""),IF(AND('Audit Setup'!$C$26>=C10,'Audit Setup'!$C$26<=C10+4),"⚑ EXIT CONFERENCE ",""),IF(AND('Audit Setup'!$C$27>=C10,'Audit Setup'!$C$27<=C10+4),"⚑ MGMT RESPONSES DUE ",""),IF(AND('Audit Setup'!$C$32>=C10,'Audit Setup'!$C$32<=C10+4),"⚑ REPORT RELEASE ",""))))
A11: =IF(4<='Audit Setup'!$B$12,"PL-"&4,"") | C11: =C10+7 | D11: 0 | E11: =-COUNTIFS('Holidays & Skeleton'!$B$5:$B$25,">="&C11,'Holidays & Skeleton'!$B$5:$B$25,"<="&(C11+4))*'Audit Setup'!$B$7 | F11: =-COUNTIFS('Holidays & Skeleton'!$B$29:$B$36,">="&C11,'Holidays & Skeleton'!$B$29:$B$36,"<="&(C11+4))*'Audit Setup'!$B$7 | G11: 0 | H11: =CEILING(MAX(0,SUM(D11:G11)),1) | K11: 0 | L11: =IF(NOT(ISNUMBER(C11)),"",TRIM(CONCATENATE(IF(AND('Audit Setup'!$C$20>=C11,'Audit Setup'!$C$20<=C11+4),"⚑ KICKOFF ",""),IF(AND('Audit Setup'!$C$21>=C11,'Audit Setup'!$C$21<=C11+4),"⚑ END OF PLANNING ",""),IF(AND('Audit Setup'!$C$22>=C11,'Audit Setup'!$C$22<=C11+4),"⚑ OUTLINE TO EXEC ",""),IF(AND('Audit Setup'!$C$23>=C11,'Audit Setup'!$C$23<=C11+4),"⚑ ON-TARGET ",""),IF(AND('Audit Setup'!$C$25>=C11,'Audit Setup'!$C$25<=C11+4),"⚑ DRAFT TO EXEC ",""),IF(AND('Audit Setup'!$C$26>=C11,'Audit Setup'!$C$26<=C11+4),"⚑ EXIT CONFERENCE ",""),IF(AND('Audit Setup'!$C$27>=C11,'Audit Setup'!$C$27<=C11+4),"⚑ MGMT RESPONSES DUE ",""),IF(AND('Audit Setup'!$C$32>=C11,'Audit Setup'!$C$32<=C11+4),"⚑ REPORT RELEASE ",""))))
A12: =IF(5<='Audit Setup'!$B$12,"PL-"&5,"") | C12: =C11+7 | D12: 0 | E12: =-COUNTIFS('Holidays & Skeleton'!$B$5:$B$25,">="&C12,'Holidays & Skeleton'!$B$5:$B$25,"<="&(C12+4))*'Audit Setup'!$B$7 | F12: =-COUNTIFS('Holidays & Skeleton'!$B$29:$B$36,">="&C12,'Holidays & Skeleton'!$B$29:$B$36,"<="&(C12+4))*'Audit Setup'!$B$7 | G12: 0 | H12: =CEILING(MAX(0,SUM(D12:G12)),1) | K12: 0 | L12: =IF(NOT(ISNUMBER(C12)),"",TRIM(CONCATENATE(IF(AND('Audit Setup'!$C$20>=C12,'Audit Setup'!$C$20<=C12+4),"⚑ KICKOFF ",""),IF(AND('Audit Setup'!$C$21>=C12,'Audit Setup'!$C$21<=C12+4),"⚑ END OF PLANNING ",""),IF(AND('Audit Setup'!$C$22>=C12,'Audit Setup'!$C$22<=C12+4),"⚑ OUTLINE TO EXEC ",""),IF(AND('Audit Setup'!$C$23>=C12,'Audit Setup'!$C$23<=C12+4),"⚑ ON-TARGET ",""),IF(AND('Audit Setup'!$C$25>=C12,'Audit Setup'!$C$25<=C12+4),"⚑ DRAFT TO EXEC ",""),IF(AND('Audit Setup'!$C$26>=C12,'Audit Setup'!$C$26<=C12+4),"⚑ EXIT CONFERENCE ",""),IF(AND('Audit Setup'!$C$27>=C12,'Audit Setup'!$C$27<=C12+4),"⚑ MGMT RESPONSES DUE ",""),IF(AND('Audit Setup'!$C$32>=C12,'Audit Setup'!$C$32<=C12+4),"⚑ REPORT RELEASE ",""))))
A13: =IF(6<='Audit Setup'!$B$12,"PL-"&6,"") | C13: =C12+7 | D13: 0 | E13: =-COUNTIFS('Holidays & Skeleton'!$B$5:$B$25,">="&C13,'Holidays & Skeleton'!$B$5:$B$25,"<="&(C13+4))*'Audit Setup'!$B$7 | F13: =-COUNTIFS('Holidays & Skeleton'!$B$29:$B$36,">="&C13,'Holidays & Skeleton'!$B$29:$B$36,"<="&(C13+4))*'Audit Setup'!$B$7 | G13: 0 | H13: =CEILING(MAX(0,SUM(D13:G13)),1) | K13: 0 | L13: =IF(NOT(ISNUMBER(C13)),"",TRIM(CONCATENATE(IF(AND('Audit Setup'!$C$20>=C13,'Audit Setup'!$C$20<=C13+4),"⚑ KICKOFF ",""),IF(AND('Audit Setup'!$C$21>=C13,'Audit Setup'!$C$21<=C13+4),"⚑ END OF PLANNING ",""),IF(AND('Audit Setup'!$C$22>=C13,'Audit Setup'!$C$22<=C13+4),"⚑ OUTLINE TO EXEC ",""),IF(AND('Audit Setup'!$C$23>=C13,'Audit Setup'!$C$23<=C13+4),"⚑ ON-TARGET ",""),IF(AND('Audit Setup'!$C$25>=C13,'Audit Setup'!$C$25<=C13+4),"⚑ DRAFT TO EXEC ",""),IF(AND('Audit Setup'!$C$26>=C13,'Audit Setup'!$C$26<=C13+4),"⚑ EXIT CONFERENCE ",""),IF(AND('Audit Setup'!$C$27>=C13,'Audit Setup'!$C$27<=C13+4),"⚑ MGMT RESPONSES DUE ",""),IF(AND('Audit Setup'!$C$32>=C13,'Audit Setup'!$C$32<=C13+4),"⚑ REPORT RELEASE ",""))))
A14: =IF(7<='Audit Setup'!$B$12,"PL-"&7,"") | C14: =C13+7 | D14: 0 | E14: =-COUNTIFS('Holidays & Skeleton'!$B$5:$B$25,">="&C14,'Holidays & Skeleton'!$B$5:$B$25,"<="&(C14+4))*'Audit Setup'!$B$7 | F14: =-COUNTIFS('Holidays & Skeleton'!$B$29:$B$36,">="&C14,'Holidays & Skeleton'!$B$29:$B$36,"<="&(C14+4))*'Audit Setup'!$B$7 | G14: 0 | H14: =CEILING(MAX(0,SUM(D14:G14)),1) | K14: 0 | L14: =IF(NOT(ISNUMBER(C14)),"",TRIM(CONCATENATE(IF(AND('Audit Setup'!$C$20>=C14,'Audit Setup'!$C$20<=C14+4),"⚑ KICKOFF ",""),IF(AND('Audit Setup'!$C$21>=C14,'Audit Setup'!$C$21<=C14+4),"⚑ END OF PLANNING ",""),IF(AND('Audit Setup'!$C$22>=C14,'Audit Setup'!$C$22<=C14+4),"⚑ OUTLINE TO EXEC ",""),IF(AND('Audit Setup'!$C$23>=C14,'Audit Setup'!$C$23<=C14+4),"⚑ ON-TARGET ",""),IF(AND('Audit Setup'!$C$25>=C14,'Audit Setup'!$C$25<=C14+4),"⚑ DRAFT TO EXEC ",""),IF(AND('Audit Setup'!$C$26>=C14,'Audit Setup'!$C$26<=C14+4),"⚑ EXIT CONFERENCE ",""),IF(AND('Audit Setup'!$C$27>=C14,'Audit Setup'!$C$27<=C14+4),"⚑ MGMT RESPONSES DUE ",""),IF(AND('Audit Setup'!$C$32>=C14,'Audit Setup'!$C$32<=C14+4),"⚑ REPORT RELEASE ",""))))
A15: =IF(8<='Audit Setup'!$B$12,"PL-"&8,"") | C15: =C14+7 | D15: 0 | E15: =-COUNTIFS('Holidays & Skeleton'!$B$5:$B$25,">="&C15,'Holidays & Skeleton'!$B$5:$B$25,"<="&(C15+4))*'Audit Setup'!$B$7 | F15: =-COUNTIFS('Holidays & Skeleton'!$B$29:$B$36,">="&C15,'Holidays & Skeleton'!$B$29:$B$36,"<="&(C15+4))*'Audit Setup'!$B$7 | G15: 0 | H15: =CEILING(MAX(0,SUM(D15:G15)),1) | K15: 0 | L15: =IF(NOT(ISNUMBER(C15)),"",TRIM(CONCATENATE(IF(AND('Audit Setup'!$C$20>=C15,'Audit Setup'!$C$20<=C15+4),"⚑ KICKOFF ",""),IF(AND('Audit Setup'!$C$21>=C15,'Audit Setup'!$C$21<=C15+4),"⚑ END OF PLANNING ",""),IF(AND('Audit Setup'!$C$22>=C15,'Audit Setup'!$C$22<=C15+4),"⚑ OUTLINE TO EXEC ",""),IF(AND('Audit Setup'!$C$23>=C15,'Audit Setup'!$C$23<=C15+4),"⚑ ON-TARGET ",""),IF(AND('Audit Setup'!$C$25>=C15,'Audit Setup'!$C$25<=C15+4),"⚑ DRAFT TO EXEC ",""),IF(AND('Audit Setup'!$C$26>=C15,'Audit Setup'!$C$26<=C15+4),"⚑ EXIT CONFERENCE ",""),IF(AND('Audit Setup'!$C$27>=C15,'Audit Setup'!$C$27<=C15+4),"⚑ MGMT RESPONSES DUE ",""),IF(AND('Audit Setup'!$C$32>=C15,'Audit Setup'!$C$32<=C15+4),"⚑ REPORT RELEASE ",""))))
A16: =IF(9<='Audit Setup'!$B$12,"PL-"&9,"") | C16: =C15+7 | D16: 0 | E16: =-COUNTIFS('Holidays & Skeleton'!$B$5:$B$25,">="&C16,'Holidays & Skeleton'!$B$5:$B$25,"<="&(C16+4))*'Audit Setup'!$B$7 | F16: =-COUNTIFS('Holidays & Skeleton'!$B$29:$B$36,">="&C16,'Holidays & Skeleton'!$B$29:$B$36,"<="&(C16+4))*'Audit Setup'!$B$7 | G16: 0 | H16: =CEILING(MAX(0,SUM(D16:G16)),1) | K16: 0 | L16: =IF(NOT(ISNUMBER(C16)),"",TRIM(CONCATENATE(IF(AND('Audit Setup'!$C$20>=C16,'Audit Setup'!$C$20<=C16+4),"⚑ KICKOFF ",""),IF(AND('Audit Setup'!$C$21>=C16,'Audit Setup'!$C$21<=C16+4),"⚑ END OF PLANNING ",""),IF(AND('Audit Setup'!$C$22>=C16,'Audit Setup'!$C$22<=C16+4),"⚑ OUTLINE TO EXEC ",""),IF(AND('Audit Setup'!$C$23>=C16,'Audit Setup'!$C$23<=C16+4),"⚑ ON-TARGET ",""),IF(AND('Audit Setup'!$C$25>=C16,'Audit Setup'!$C$25<=C16+4),"⚑ DRAFT TO EXEC ",""),IF(AND('Audit Setup'!$C$26>=C16,'Audit Setup'!$C$26<=C16+4),"⚑ EXIT CONFERENCE ",""),IF(AND('Audit Setup'!$C$27>=C16,'Audit Setup'!$C$27<=C16+4),"⚑ MGMT RESPONSES DUE ",""),IF(AND('Audit Setup'!$C$32>=C16,'Audit Setup'!$C$32<=C16+4),"⚑ REPORT RELEASE ",""))))
A17: =IF(10<='Audit Setup'!$B$12,"PL-"&10,"") | C17: =C16+7 | D17: 0 | E17: =-COUNTIFS('Holidays & Skeleton'!$B$5:$B$25,">="&C17,'Holidays & Skeleton'!$B$5:$B$25,"<="&(C17+4))*'Audit Setup'!$B$7 | F17: =-COUNTIFS('Holidays & Skeleton'!$B$29:$B$36,">="&C17,'Holidays & Skeleton'!$B$29:$B$36,"<="&(C17+4))*'Audit Setup'!$B$7 | G17: 0 | H17: =CEILING(MAX(0,SUM(D17:G17)),1) | K17: 0 | L17: =IF(NOT(ISNUMBER(C17)),"",TRIM(CONCATENATE(IF(AND('Audit Setup'!$C$20>=C17,'Audit Setup'!$C$20<=C17+4),"⚑ KICKOFF ",""),IF(AND('Audit Setup'!$C$21>=C17,'Audit Setup'!$C$21<=C17+4),"⚑ END OF PLANNING ",""),IF(AND('Audit Setup'!$C$22>=C17,'Audit Setup'!$C$22<=C17+4),"⚑ OUTLINE TO EXEC ",""),IF(AND('Audit Setup'!$C$23>=C17,'Audit Setup'!$C$23<=C17+4),"⚑ ON-TARGET ",""),IF(AND('Audit Setup'!$C$25>=C17,'Audit Setup'!$C$25<=C17+4),"⚑ DRAFT TO EXEC ",""),IF(AND('Audit Setup'!$C$26>=C17,'Audit Setup'!$C$26<=C17+4),"⚑ EXIT CONFERENCE ",""),IF(AND('Audit Setup'!$C$27>=C17,'Audit Setup'!$C$27<=C17+4),"⚑ MGMT RESPONSES DUE ",""),IF(AND('Audit Setup'!$C$32>=C17,'Audit Setup'!$C$32<=C17+4),"⚑ REPORT RELEASE ",""))))
A18: =IF(11<='Audit Setup'!$B$12,"PL-"&11,"") | C18: =C17+7 | D18: 0 | E18: =-COUNTIFS('Holidays & Skeleton'!$B$5:$B$25,">="&C18,'Holidays & Skeleton'!$B$5:$B$25,"<="&(C18+4))*'Audit Setup'!$B$7 | F18: =-COUNTIFS('Holidays & Skeleton'!$B$29:$B$36,">="&C18,'Holidays & Skeleton'!$B$29:$B$36,"<="&(C18+4))*'Audit Setup'!$B$7 | G18: 0 | H18: =CEILING(MAX(0,SUM(D18:G18)),1) | K18: 0 | L18: =IF(NOT(ISNUMBER(C18)),"",TRIM(CONCATENATE(IF(AND('Audit Setup'!$C$20>=C18,'Audit Setup'!$C$20<=C18+4),"⚑ KICKOFF ",""),IF(AND('Audit Setup'!$C$21>=C18,'Audit Setup'!$C$21<=C18+4),"⚑ END OF PLANNING ",""),IF(AND('Audit Setup'!$C$22>=C18,'Audit Setup'!$C$22<=C18+4),"⚑ OUTLINE TO EXEC ",""),IF(AND('Audit Setup'!$C$23>=C18,'Audit Setup'!$C$23<=C18+4),"⚑ ON-TARGET ",""),IF(AND('Audit Setup'!$C$25>=C18,'Audit Setup'!$C$25<=C18+4),"⚑ DRAFT TO EXEC ",""),IF(AND('Audit Setup'!$C$26>=C18,'Audit Setup'!$C$26<=C18+4),"⚑ EXIT CONFERENCE ",""),IF(AND('Audit Setup'!$C$27>=C18,'Audit Setup'!$C$27<=C18+4),"⚑ MGMT RESPONSES DUE ",""),IF(AND('Audit Setup'!$C$32>=C18,'Audit Setup'!$C$32<=C18+4),"⚑ REPORT RELEASE ",""))))
A19: =IF(12<='Audit Setup'!$B$12,"PL-"&12,"") | C19: =C18+7 | D19: 0 | E19: =-COUNTIFS('Holidays & Skeleton'!$B$5:$B$25,">="&C19,'Holidays & Skeleton'!$B$5:$B$25,"<="&(C19+4))*'Audit Setup'!$B$7 | F19: =-COUNTIFS('Holidays & Skeleton'!$B$29:$B$36,">="&C19,'Holidays & Skeleton'!$B$29:$B$36,"<="&(C19+4))*'Audit Setup'!$B$7 | G19: 0 | H19: =CEILING(MAX(0,SUM(D19:G19)),1) | K19: 0 | L19: =IF(NOT(ISNUMBER(C19)),"",TRIM(CONCATENATE(IF(AND('Audit Setup'!$C$20>=C19,'Audit Setup'!$C$20<=C19+4),"⚑ KICKOFF ",""),IF(AND('Audit Setup'!$C$21>=C19,'Audit Setup'!$C$21<=C19+4),"⚑ END OF PLANNING ",""),IF(AND('Audit Setup'!$C$22>=C19,'Audit Setup'!$C$22<=C19+4),"⚑ OUTLINE TO EXEC ",""),IF(AND('Audit Setup'!$C$23>=C19,'Audit Setup'!$C$23<=C19+4),"⚑ ON-TARGET ",""),IF(AND('Audit Setup'!$C$25>=C19,'Audit Setup'!$C$25<=C19+4),"⚑ DRAFT TO EXEC ",""),IF(AND('Audit Setup'!$C$26>=C19,'Audit Setup'!$C$26<=C19+4),"⚑ EXIT CONFERENCE ",""),IF(AND('Audit Setup'!$C$27>=C19,'Audit Setup'!$C$27<=C19+4),"⚑ MGMT RESPONSES DUE ",""),IF(AND('Audit Setup'!$C$32>=C19,'Audit Setup'!$C$32<=C19+4),"⚑ REPORT RELEASE ",""))))
A20: =IF(13<='Audit Setup'!$B$12,"PL-"&13,"") | C20: =C19+7 | D20: 0 | E20: =-COUNTIFS('Holidays & Skeleton'!$B$5:$B$25,">="&C20,'Holidays & Skeleton'!$B$5:$B$25,"<="&(C20+4))*'Audit Setup'!$B$7 | F20: =-COUNTIFS('Holidays & Skeleton'!$B$29:$B$36,">="&C20,'Holidays & Skeleton'!$B$29:$B$36,"<="&(C20+4))*'Audit Setup'!$B$7 | G20: 0 | H20: =CEILING(MAX(0,SUM(D20:G20)),1) | K20: 0 | L20: =IF(NOT(ISNUMBER(C20)),"",TRIM(CONCATENATE(IF(AND('Audit Setup'!$C$20>=C20,'Audit Setup'!$C$20<=C20+4),"⚑ KICKOFF ",""),IF(AND('Audit Setup'!$C$21>=C20,'Audit Setup'!$C$21<=C20+4),"⚑ END OF PLANNING ",""),IF(AND('Audit Setup'!$C$22>=C20,'Audit Setup'!$C$22<=C20+4),"⚑ OUTLINE TO EXEC ",""),IF(AND('Audit Setup'!$C$23>=C20,'Audit Setup'!$C$23<=C20+4),"⚑ ON-TARGET ",""),IF(AND('Audit Setup'!$C$25>=C20,'Audit Setup'!$C$25<=C20+4),"⚑ DRAFT TO EXEC ",""),IF(AND('Audit Setup'!$C$26>=C20,'Audit Setup'!$C$26<=C20+4),"⚑ EXIT CONFERENCE ",""),IF(AND('Audit Setup'!$C$27>=C20,'Audit Setup'!$C$27<=C20+4),"⚑ MGMT RESPONSES DUE ",""),IF(AND('Audit Setup'!$C$32>=C20,'Audit Setup'!$C$32<=C20+4),"⚑ REPORT RELEASE ",""))))
A21: =IF(14<='Audit Setup'!$B$12,"PL-"&14,"") | C21: =C20+7 | D21: 0 | E21: =-COUNTIFS('Holidays & Skeleton'!$B$5:$B$25,">="&C21,'Holidays & Skeleton'!$B$5:$B$25,"<="&(C21+4))*'Audit Setup'!$B$7 | F21: =-COUNTIFS('Holidays & Skeleton'!$B$29:$B$36,">="&C21,'Holidays & Skeleton'!$B$29:$B$36,"<="&(C21+4))*'Audit Setup'!$B$7 | G21: 0 | H21: =CEILING(MAX(0,SUM(D21:G21)),1) | K21: 0 | L21: =IF(NOT(ISNUMBER(C21)),"",TRIM(CONCATENATE(IF(AND('Audit Setup'!$C$20>=C21,'Audit Setup'!$C$20<=C21+4),"⚑ KICKOFF ",""),IF(AND('Audit Setup'!$C$21>=C21,'Audit Setup'!$C$21<=C21+4),"⚑ END OF PLANNING ",""),IF(AND('Audit Setup'!$C$22>=C21,'Audit Setup'!$C$22<=C21+4),"⚑ OUTLINE TO EXEC ",""),IF(AND('Audit Setup'!$C$23>=C21,'Audit Setup'!$C$23<=C21+4),"⚑ ON-TARGET ",""),IF(AND('Audit Setup'!$C$25>=C21,'Audit Setup'!$C$25<=C21+4),"⚑ DRAFT TO EXEC ",""),IF(AND('Audit Setup'!$C$26>=C21,'Audit Setup'!$C$26<=C21+4),"⚑ EXIT CONFERENCE ",""),IF(AND('Audit Setup'!$C$27>=C21,'Audit Setup'!$C$27<=C21+4),"⚑ MGMT RESPONSES DUE ",""),IF(AND('Audit Setup'!$C$32>=C21,'Audit Setup'!$C$32<=C21+4),"⚑ REPORT RELEASE ",""))))
A22: =IF(15<='Audit Setup'!$B$12,"PL-"&15,"") | C22: =C21+7 | D22: 0 | E22: =-COUNTIFS('Holidays & Skeleton'!$B$5:$B$25,">="&C22,'Holidays & Skeleton'!$B$5:$B$25,"<="&(C22+4))*'Audit Setup'!$B$7 | F22: =-COUNTIFS('Holidays & Skeleton'!$B$29:$B$36,">="&C22,'Holidays & Skeleton'!$B$29:$B$36,"<="&(C22+4))*'Audit Setup'!$B$7 | G22: 0 | H22: =CEILING(MAX(0,SUM(D22:G22)),1) | K22: 0 | L22: =IF(NOT(ISNUMBER(C22)),"",TRIM(CONCATENATE(IF(AND('Audit Setup'!$C$20>=C22,'Audit Setup'!$C$20<=C22+4),"⚑ KICKOFF ",""),IF(AND('Audit Setup'!$C$21>=C22,'Audit Setup'!$C$21<=C22+4),"⚑ END OF PLANNING ",""),IF(AND('Audit Setup'!$C$22>=C22,'Audit Setup'!$C$22<=C22+4),"⚑ OUTLINE TO EXEC ",""),IF(AND('Audit Setup'!$C$23>=C22,'Audit Setup'!$C$23<=C22+4),"⚑ ON-TARGET ",""),IF(AND('Audit Setup'!$C$25>=C22,'Audit Setup'!$C$25<=C22+4),"⚑ DRAFT TO EXEC ",""),IF(AND('Audit Setup'!$C$26>=C22,'Audit Setup'!$C$26<=C22+4),"⚑ EXIT CONFERENCE ",""),IF(AND('Audit Setup'!$C$27>=C22,'Audit Setup'!$C$27<=C22+4),"⚑ MGMT RESPONSES DUE ",""),IF(AND('Audit Setup'!$C$32>=C22,'Audit Setup'!$C$32<=C22+4),"⚑ REPORT RELEASE ",""))))
A23: =IF(16<='Audit Setup'!$B$12,"PL-"&16,"") | C23: =C22+7 | D23: 0 | E23: =-COUNTIFS('Holidays & Skeleton'!$B$5:$B$25,">="&C23,'Holidays & Skeleton'!$B$5:$B$25,"<="&(C23+4))*'Audit Setup'!$B$7 | F23: =-COUNTIFS('Holidays & Skeleton'!$B$29:$B$36,">="&C23,'Holidays & Skeleton'!$B$29:$B$36,"<="&(C23+4))*'Audit Setup'!$B$7 | G23: 0 | H23: =CEILING(MAX(0,SUM(D23:G23)),1) | K23: 0 | L23: =IF(NOT(ISNUMBER(C23)),"",TRIM(CONCATENATE(IF(AND('Audit Setup'!$C$20>=C23,'Audit Setup'!$C$20<=C23+4),"⚑ KICKOFF ",""),IF(AND('Audit Setup'!$C$21>=C23,'Audit Setup'!$C$21<=C23+4),"⚑ END OF PLANNING ",""),IF(AND('Audit Setup'!$C$22>=C23,'Audit Setup'!$C$22<=C23+4),"⚑ OUTLINE TO EXEC ",""),IF(AND('Audit Setup'!$C$23>=C23,'Audit Setup'!$C$23<=C23+4),"⚑ ON-TARGET ",""),IF(AND('Audit Setup'!$C$25>=C23,'Audit Setup'!$C$25<=C23+4),"⚑ DRAFT TO EXEC ",""),IF(AND('Audit Setup'!$C$26>=C23,'Audit Setup'!$C$26<=C23+4),"⚑ EXIT CONFERENCE ",""),IF(AND('Audit Setup'!$C$27>=C23,'Audit Setup'!$C$27<=C23+4),"⚑ MGMT RESPONSES DUE ",""),IF(AND('Audit Setup'!$C$32>=C23,'Audit Setup'!$C$32<=C23+4),"⚑ REPORT RELEASE ",""))))
A24: =IF(17<='Audit Setup'!$B$12,"PL-"&17,"") | C24: =C23+7 | D24: 0 | E24: =-COUNTIFS('Holidays & Skeleton'!$B$5:$B$25,">="&C24,'Holidays & Skeleton'!$B$5:$B$25,"<="&(C24+4))*'Audit Setup'!$B$7 | F24: =-COUNTIFS('Holidays & Skeleton'!$B$29:$B$36,">="&C24,'Holidays & Skeleton'!$B$29:$B$36,"<="&(C24+4))*'Audit Setup'!$B$7 | G24: 0 | H24: =CEILING(MAX(0,SUM(D24:G24)),1) | K24: 0 | L24: =IF(NOT(ISNUMBER(C24)),"",TRIM(CONCATENATE(IF(AND('Audit Setup'!$C$20>=C24,'Audit Setup'!$C$20<=C24+4),"⚑ KICKOFF ",""),IF(AND('Audit Setup'!$C$21>=C24,'Audit Setup'!$C$21<=C24+4),"⚑ END OF PLANNING ",""),IF(AND('Audit Setup'!$C$22>=C24,'Audit Setup'!$C$22<=C24+4),"⚑ OUTLINE TO EXEC ",""),IF(AND('Audit Setup'!$C$23>=C24,'Audit Setup'!$C$23<=C24+4),"⚑ ON-TARGET ",""),IF(AND('Audit Setup'!$C$25>=C24,'Audit Setup'!$C$25<=C24+4),"⚑ DRAFT TO EXEC ",""),IF(AND('Audit Setup'!$C$26>=C24,'Audit Setup'!$C$26<=C24+4),"⚑ EXIT CONFERENCE ",""),IF(AND('Audit Setup'!$C$27>=C24,'Audit Setup'!$C$27<=C24+4),"⚑ MGMT RESPONSES DUE ",""),IF(AND('Audit Setup'!$C$32>=C24,'Audit Setup'!$C$32<=C24+4),"⚑ REPORT RELEASE ",""))))
A25: =IF(18<='Audit Setup'!$B$12,"PL-"&18,"") | C25: =C24+7 | D25: 0 | E25: =-COUNTIFS('Holidays & Skeleton'!$B$5:$B$25,">="&C25,'Holidays & Skeleton'!$B$5:$B$25,"<="&(C25+4))*'Audit Setup'!$B$7 | F25: =-COUNTIFS('Holidays & Skeleton'!$B$29:$B$36,">="&C25,'Holidays & Skeleton'!$B$29:$B$36,"<="&(C25+4))*'Audit Setup'!$B$7 | G25: 0 | H25: =CEILING(MAX(0,SUM(D25:G25)),1) | K25: 0 | L25: =IF(NOT(ISNUMBER(C25)),"",TRIM(CONCATENATE(IF(AND('Audit Setup'!$C$20>=C25,'Audit Setup'!$C$20<=C25+4),"⚑ KICKOFF ",""),IF(AND('Audit Setup'!$C$21>=C25,'Audit Setup'!$C$21<=C25+4),"⚑ END OF PLANNING ",""),IF(AND('Audit Setup'!$C$22>=C25,'Audit Setup'!$C$22<=C25+4),"⚑ OUTLINE TO EXEC ",""),IF(AND('Audit Setup'!$C$23>=C25,'Audit Setup'!$C$23<=C25+4),"⚑ ON-TARGET ",""),IF(AND('Audit Setup'!$C$25>=C25,'Audit Setup'!$C$25<=C25+4),"⚑ DRAFT TO EXEC ",""),IF(AND('Audit Setup'!$C$26>=C25,'Audit Setup'!$C$26<=C25+4),"⚑ EXIT CONFERENCE ",""),IF(AND('Audit Setup'!$C$27>=C25,'Audit Setup'!$C$27<=C25+4),"⚑ MGMT RESPONSES DUE ",""),IF(AND('Audit Setup'!$C$32>=C25,'Audit Setup'!$C$32<=C25+4),"⚑ REPORT RELEASE ",""))))
A26: =IF(19<='Audit Setup'!$B$12,"PL-"&19,"") | C26: =C25+7 | D26: 0 | E26: =-COUNTIFS('Holidays & Skeleton'!$B$5:$B$25,">="&C26,'Holidays & Skeleton'!$B$5:$B$25,"<="&(C26+4))*'Audit Setup'!$B$7 | F26: =-COUNTIFS('Holidays & Skeleton'!$B$29:$B$36,">="&C26,'Holidays & Skeleton'!$B$29:$B$36,"<="&(C26+4))*'Audit Setup'!$B$7 | G26: 0 | H26: =CEILING(MAX(0,SUM(D26:G26)),1) | K26: 0 | L26: =IF(NOT(ISNUMBER(C26)),"",TRIM(CONCATENATE(IF(AND('Audit Setup'!$C$20>=C26,'Audit Setup'!$C$20<=C26+4),"⚑ KICKOFF ",""),IF(AND('Audit Setup'!$C$21>=C26,'Audit Setup'!$C$21<=C26+4),"⚑ END OF PLANNING ",""),IF(AND('Audit Setup'!$C$22>=C26,'Audit Setup'!$C$22<=C26+4),"⚑ OUTLINE TO EXEC ",""),IF(AND('Audit Setup'!$C$23>=C26,'Audit Setup'!$C$23<=C26+4),"⚑ ON-TARGET ",""),IF(AND('Audit Setup'!$C$25>=C26,'Audit Setup'!$C$25<=C26+4),"⚑ DRAFT TO EXEC ",""),IF(AND('Audit Setup'!$C$26>=C26,'Audit Setup'!$C$26<=C26+4),"⚑ EXIT CONFERENCE ",""),IF(AND('Audit Setup'!$C$27>=C26,'Audit Setup'!$C$27<=C26+4),"⚑ MGMT RESPONSES DUE ",""),IF(AND('Audit Setup'!$C$32>=C26,'Audit Setup'!$C$32<=C26+4),"⚑ REPORT RELEASE ",""))))
A27: =IF(20<='Audit Setup'!$B$12,"PL-"&20,"") | C27: =C26+7 | D27: 0 | E27: =-COUNTIFS('Holidays & Skeleton'!$B$5:$B$25,">="&C27,'Holidays & Skeleton'!$B$5:$B$25,"<="&(C27+4))*'Audit Setup'!$B$7 | F27: =-COUNTIFS('Holidays & Skeleton'!$B$29:$B$36,">="&C27,'Holidays & Skeleton'!$B$29:$B$36,"<="&(C27+4))*'Audit Setup'!$B$7 | G27: 0 | H27: =CEILING(MAX(0,SUM(D27:G27)),1) | K27: 0 | L27: =IF(NOT(ISNUMBER(C27)),"",TRIM(CONCATENATE(IF(AND('Audit Setup'!$C$20>=C27,'Audit Setup'!$C$20<=C27+4),"⚑ KICKOFF ",""),IF(AND('Audit Setup'!$C$21>=C27,'Audit Setup'!$C$21<=C27+4),"⚑ END OF PLANNING ",""),IF(AND('Audit Setup'!$C$22>=C27,'Audit Setup'!$C$22<=C27+4),"⚑ OUTLINE TO EXEC ",""),IF(AND('Audit Setup'!$C$23>=C27,'Audit Setup'!$C$23<=C27+4),"⚑ ON-TARGET ",""),IF(AND('Audit Setup'!$C$25>=C27,'Audit Setup'!$C$25<=C27+4),"⚑ DRAFT TO EXEC ",""),IF(AND('Audit Setup'!$C$26>=C27,'Audit Setup'!$C$26<=C27+4),"⚑ EXIT CONFERENCE ",""),IF(AND('Audit Setup'!$C$27>=C27,'Audit Setup'!$C$27<=C27+4),"⚑ MGMT RESPONSES DUE ",""),IF(AND('Audit Setup'!$C$32>=C27,'Audit Setup'!$C$32<=C27+4),"⚑ REPORT RELEASE ",""))))
A28: =IF(21<='Audit Setup'!$B$12,"PL-"&21,"") | C28: =C27+7 | D28: 0 | E28: =-COUNTIFS('Holidays & Skeleton'!$B$5:$B$25,">="&C28,'Holidays & Skeleton'!$B$5:$B$25,"<="&(C28+4))*'Audit Setup'!$B$7 | F28: =-COUNTIFS('Holidays & Skeleton'!$B$29:$B$36,">="&C28,'Holidays & Skeleton'!$B$29:$B$36,"<="&(C28+4))*'Audit Setup'!$B$7 | G28: 0 | H28: =CEILING(MAX(0,SUM(D28:G28)),1) | K28: 0 | L28: =IF(NOT(ISNUMBER(C28)),"",TRIM(CONCATENATE(IF(AND('Audit Setup'!$C$20>=C28,'Audit Setup'!$C$20<=C28+4),"⚑ KICKOFF ",""),IF(AND('Audit Setup'!$C$21>=C28,'Audit Setup'!$C$21<=C28+4),"⚑ END OF PLANNING ",""),IF(AND('Audit Setup'!$C$22>=C28,'Audit Setup'!$C$22<=C28+4),"⚑ OUTLINE TO EXEC ",""),IF(AND('Audit Setup'!$C$23>=C28,'Audit Setup'!$C$23<=C28+4),"⚑ ON-TARGET ",""),IF(AND('Audit Setup'!$C$25>=C28,'Audit Setup'!$C$25<=C28+4),"⚑ DRAFT TO EXEC ",""),IF(AND('Audit Setup'!$C$26>=C28,'Audit Setup'!$C$26<=C28+4),"⚑ EXIT CONFERENCE ",""),IF(AND('Audit Setup'!$C$27>=C28,'Audit Setup'!$C$27<=C28+4),"⚑ MGMT RESPONSES DUE ",""),IF(AND('Audit Setup'!$C$32>=C28,'Audit Setup'!$C$32<=C28+4),"⚑ REPORT RELEASE ",""))))
A29: =IF(22<='Audit Setup'!$B$12,"PL-"&22,"") | C29: =C28+7 | D29: 0 | E29: =-COUNTIFS('Holidays & Skeleton'!$B$5:$B$25,">="&C29,'Holidays & Skeleton'!$B$5:$B$25,"<="&(C29+4))*'Audit Setup'!$B$7 | F29: =-COUNTIFS('Holidays & Skeleton'!$B$29:$B$36,">="&C29,'Holidays & Skeleton'!$B$29:$B$36,"<="&(C29+4))*'Audit Setup'!$B$7 | G29: 0 | H29: =CEILING(MAX(0,SUM(D29:G29)),1) | K29: 0 | L29: =IF(NOT(ISNUMBER(C29)),"",TRIM(CONCATENATE(IF(AND('Audit Setup'!$C$20>=C29,'Audit Setup'!$C$20<=C29+4),"⚑ KICKOFF ",""),IF(AND('Audit Setup'!$C$21>=C29,'Audit Setup'!$C$21<=C29+4),"⚑ END OF PLANNING ",""),IF(AND('Audit Setup'!$C$22>=C29,'Audit Setup'!$C$22<=C29+4),"⚑ OUTLINE TO EXEC ",""),IF(AND('Audit Setup'!$C$23>=C29,'Audit Setup'!$C$23<=C29+4),"⚑ ON-TARGET ",""),IF(AND('Audit Setup'!$C$25>=C29,'Audit Setup'!$C$25<=C29+4),"⚑ DRAFT TO EXEC ",""),IF(AND('Audit Setup'!$C$26>=C29,'Audit Setup'!$C$26<=C29+4),"⚑ EXIT CONFERENCE ",""),IF(AND('Audit Setup'!$C$27>=C29,'Audit Setup'!$C$27<=C29+4),"⚑ MGMT RESPONSES DUE ",""),IF(AND('Audit Setup'!$C$32>=C29,'Audit Setup'!$C$32<=C29+4),"⚑ REPORT RELEASE ",""))))
A30: =IF(23<='Audit Setup'!$B$12,"PL-"&23,"") | C30: =C29+7 | D30: 0 | E30: =-COUNTIFS('Holidays & Skeleton'!$B$5:$B$25,">="&C30,'Holidays & Skeleton'!$B$5:$B$25,"<="&(C30+4))*'Audit Setup'!$B$7 | F30: =-COUNTIFS('Holidays & Skeleton'!$B$29:$B$36,">="&C30,'Holidays & Skeleton'!$B$29:$B$36,"<="&(C30+4))*'Audit Setup'!$B$7 | G30: 0 | H30: =CEILING(MAX(0,SUM(D30:G30)),1) | K30: 0 | L30: =IF(NOT(ISNUMBER(C30)),"",TRIM(CONCATENATE(IF(AND('Audit Setup'!$C$20>=C30,'Audit Setup'!$C$20<=C30+4),"⚑ KICKOFF ",""),IF(AND('Audit Setup'!$C$21>=C30,'Audit Setup'!$C$21<=C30+4),"⚑ END OF PLANNING ",""),IF(AND('Audit Setup'!$C$22>=C30,'Audit Setup'!$C$22<=C30+4),"⚑ OUTLINE TO EXEC ",""),IF(AND('Audit Setup'!$C$23>=C30,'Audit Setup'!$C$23<=C30+4),"⚑ ON-TARGET ",""),IF(AND('Audit Setup'!$C$25>=C30,'Audit Setup'!$C$25<=C30+4),"⚑ DRAFT TO EXEC ",""),IF(AND('Audit Setup'!$C$26>=C30,'Audit Setup'!$C$26<=C30+4),"⚑ EXIT CONFERENCE ",""),IF(AND('Audit Setup'!$C$27>=C30,'Audit Setup'!$C$27<=C30+4),"⚑ MGMT RESPONSES DUE ",""),IF(AND('Audit Setup'!$C$32>=C30,'Audit Setup'!$C$32<=C30+4),"⚑ REPORT RELEASE ",""))))
A31: =IF(24<='Audit Setup'!$B$12,"PL-"&24,"") | C31: =C30+7 | D31: 0 | E31: =-COUNTIFS('Holidays & Skeleton'!$B$5:$B$25,">="&C31,'Holidays & Skeleton'!$B$5:$B$25,"<="&(C31+4))*'Audit Setup'!$B$7 | F31: =-COUNTIFS('Holidays & Skeleton'!$B$29:$B$36,">="&C31,'Holidays & Skeleton'!$B$29:$B$36,"<="&(C31+4))*'Audit Setup'!$B$7 | G31: 0 | H31: =CEILING(MAX(0,SUM(D31:G31)),1) | K31: 0 | L31: =IF(NOT(ISNUMBER(C31)),"",TRIM(CONCATENATE(IF(AND('Audit Setup'!$C$20>=C31,'Audit Setup'!$C$20<=C31+4),"⚑ KICKOFF ",""),IF(AND('Audit Setup'!$C$21>=C31,'Audit Setup'!$C$21<=C31+4),"⚑ END OF PLANNING ",""),IF(AND('Audit Setup'!$C$22>=C31,'Audit Setup'!$C$22<=C31+4),"⚑ OUTLINE TO EXEC ",""),IF(AND('Audit Setup'!$C$23>=C31,'Audit Setup'!$C$23<=C31+4),"⚑ ON-TARGET ",""),IF(AND('Audit Setup'!$C$25>=C31,'Audit Setup'!$C$25<=C31+4),"⚑ DRAFT TO EXEC ",""),IF(AND('Audit Setup'!$C$26>=C31,'Audit Setup'!$C$26<=C31+4),"⚑ EXIT CONFERENCE ",""),IF(AND('Audit Setup'!$C$27>=C31,'Audit Setup'!$C$27<=C31+4),"⚑ MGMT RESPONSES DUE ",""),IF(AND('Audit Setup'!$C$32>=C31,'Audit Setup'!$C$32<=C31+4),"⚑ REPORT RELEASE ",""))))
A32: =IF(25<='Audit Setup'!$B$12,"PL-"&25,"") | C32: =C31+7 | D32: 0 | E32: =-COUNTIFS('Holidays & Skeleton'!$B$5:$B$25,">="&C32,'Holidays & Skeleton'!$B$5:$B$25,"<="&(C32+4))*'Audit Setup'!$B$7 | F32: =-COUNTIFS('Holidays & Skeleton'!$B$29:$B$36,">="&C32,'Holidays & Skeleton'!$B$29:$B$36,"<="&(C32+4))*'Audit Setup'!$B$7 | G32: 0 | H32: =CEILING(MAX(0,SUM(D32:G32)),1) | K32: 0 | L32: =IF(NOT(ISNUMBER(C32)),"",TRIM(CONCATENATE(IF(AND('Audit Setup'!$C$20>=C32,'Audit Setup'!$C$20<=C32+4),"⚑ KICKOFF ",""),IF(AND('Audit Setup'!$C$21>=C32,'Audit Setup'!$C$21<=C32+4),"⚑ END OF PLANNING ",""),IF(AND('Audit Setup'!$C$22>=C32,'Audit Setup'!$C$22<=C32+4),"⚑ OUTLINE TO EXEC ",""),IF(AND('Audit Setup'!$C$23>=C32,'Audit Setup'!$C$23<=C32+4),"⚑ ON-TARGET ",""),IF(AND('Audit Setup'!$C$25>=C32,'Audit Setup'!$C$25<=C32+4),"⚑ DRAFT TO EXEC ",""),IF(AND('Audit Setup'!$C$26>=C32,'Audit Setup'!$C$26<=C32+4),"⚑ EXIT CONFERENCE ",""),IF(AND('Audit Setup'!$C$27>=C32,'Audit Setup'!$C$27<=C32+4),"⚑ MGMT RESPONSES DUE ",""),IF(AND('Audit Setup'!$C$32>=C32,'Audit Setup'!$C$32<=C32+4),"⚑ REPORT RELEASE ",""))))
A33: =" FIELDWORK - Weeks "&('Audit Setup'!$B$12+1)&"-"&('Audit Setup'!$B$12+'Audit Setup'!$B$13)
A34: =IF(1<='Audit Setup'!$B$13,"FW-"&1,"") | C34: ='Audit Setup'!$C$13 | D34: 0 | E34: =-COUNTIFS('Holidays & Skeleton'!$B$5:$B$25,">="&C34,'Holidays & Skeleton'!$B$5:$B$25,"<="&(C34+4))*'Audit Setup'!$B$7 | F34: =-COUNTIFS('Holidays & Skeleton'!$B$29:$B$36,">="&C34,'Holidays & Skeleton'!$B$29:$B$36,"<="&(C34+4))*'Audit Setup'!$B$7 | G34: 0 | H34: =CEILING(MAX(0,SUM(D34:G34)),1) | K34: 0 | L34: =IF(NOT(ISNUMBER(C34)),"",TRIM(CONCATENATE(IF(AND('Audit Setup'!$C$20>=C34,'Audit Setup'!$C$20<=C34+4),"⚑ KICKOFF ",""),IF(AND('Audit Setup'!$C$21>=C34,'Audit Setup'!$C$21<=C34+4),"⚑ END OF PLANNING ",""),IF(AND('Audit Setup'!$C$22>=C34,'Audit Setup'!$C$22<=C34+4),"⚑ OUTLINE TO EXEC ",""),IF(AND('Audit Setup'!$C$23>=C34,'Audit Setup'!$C$23<=C34+4),"⚑ ON-TARGET ",""),IF(AND('Audit Setup'!$C$25>=C34,'Audit Setup'!$C$25<=C34+4),"⚑ DRAFT TO EXEC ",""),IF(AND('Audit Setup'!$C$26>=C34,'Audit Setup'!$C$26<=C34+4),"⚑ EXIT CONFERENCE ",""),IF(AND('Audit Setup'!$C$27>=C34,'Audit Setup'!$C$27<=C34+4),"⚑ MGMT RESPONSES DUE ",""),IF(AND('Audit Setup'!$C$32>=C34,'Audit Setup'!$C$32<=C34+4),"⚑ REPORT RELEASE ",""))))
A35: =IF(2<='Audit Setup'!$B$13,"FW-"&2,"") | C35: =C34+7 | D35: 0 | E35: =-COUNTIFS('Holidays & Skeleton'!$B$5:$B$25,">="&C35,'Holidays & Skeleton'!$B$5:$B$25,"<="&(C35+4))*'Audit Setup'!$B$7 | F35: =-COUNTIFS('Holidays & Skeleton'!$B$29:$B$36,">="&C35,'Holidays & Skeleton'!$B$29:$B$36,"<="&(C35+4))*'Audit Setup'!$B$7 | G35: 0 | H35: =CEILING(MAX(0,SUM(D35:G35)),1) | K35: 0 | L35: =IF(NOT(ISNUMBER(C35)),"",TRIM(CONCATENATE(IF(AND('Audit Setup'!$C$20>=C35,'Audit Setup'!$C$20<=C35+4),"⚑ KICKOFF ",""),IF(AND('Audit Setup'!$C$21>=C35,'Audit Setup'!$C$21<=C35+4),"⚑ END OF PLANNING ",""),IF(AND('Audit Setup'!$C$22>=C35,'Audit Setup'!$C$22<=C35+4),"⚑ OUTLINE TO EXEC ",""),IF(AND('Audit Setup'!$C$23>=C35,'Audit Setup'!$C$23<=C35+4),"⚑ ON-TARGET ",""),IF(AND('Audit Setup'!$C$25>=C35,'Audit Setup'!$C$25<=C35+4),"⚑ DRAFT TO EXEC ",""),IF(AND('Audit Setup'!$C$26>=C35,'Audit Setup'!$C$26<=C35+4),"⚑ EXIT CONFERENCE ",""),IF(AND('Audit Setup'!$C$27>=C35,'Audit Setup'!$C$27<=C35+4),"⚑ MGMT RESPONSES DUE ",""),IF(AND('Audit Setup'!$C$32>=C35,'Audit Setup'!$C$32<=C35+4),"⚑ REPORT RELEASE ",""))))
A36: =IF(3<='Audit Setup'!$B$13,"FW-"&3,"") | C36: =C35+7 | D36: 0 | E36: =-COUNTIFS('Holidays & Skeleton'!$B$5:$B$25,">="&C36,'Holidays & Skeleton'!$B$5:$B$25,"<="&(C36+4))*'Audit Setup'!$B$7 | F36: =-COUNTIFS('Holidays & Skeleton'!$B$29:$B$36,">="&C36,'Holidays & Skeleton'!$B$29:$B$36,"<="&(C36+4))*'Audit Setup'!$B$7 | G36: 0 | H36: =CEILING(MAX(0,SUM(D36:G36)),1) | K36: 0 | L36: =IF(NOT(ISNUMBER(C36)),"",TRIM(CONCATENATE(IF(AND('Audit Setup'!$C$20>=C36,'Audit Setup'!$C$20<=C36+4),"⚑ KICKOFF ",""),IF(AND('Audit Setup'!$C$21>=C36,'Audit Setup'!$C$21<=C36+4),"⚑ END OF PLANNING ",""),IF(AND('Audit Setup'!$C$22>=C36,'Audit Setup'!$C$22<=C36+4),"⚑ OUTLINE TO EXEC ",""),IF(AND('Audit Setup'!$C$23>=C36,'Audit Setup'!$C$23<=C36+4),"⚑ ON-TARGET ",""),IF(AND('Audit Setup'!$C$25>=C36,'Audit Setup'!$C$25<=C36+4),"⚑ DRAFT TO EXEC ",""),IF(AND('Audit Setup'!$C$26>=C36,'Audit Setup'!$C$26<=C36+4),"⚑ EXIT CONFERENCE ",""),IF(AND('Audit Setup'!$C$27>=C36,'Audit Setup'!$C$27<=C36+4),"⚑ MGMT RESPONSES DUE ",""),IF(AND('Audit Setup'!$C$32>=C36,'Audit Setup'!$C$32<=C36+4),"⚑ REPORT RELEASE ",""))))
A37: =IF(4<='Audit Setup'!$B$13,"FW-"&4,"") | C37: =C36+7 | D37: 0 | E37: =-COUNTIFS('Holidays & Skeleton'!$B$5:$B$25,">="&C37,'Holidays & Skeleton'!$B$5:$B$25,"<="&(C37+4))*'Audit Setup'!$B$7 | F37: =-COUNTIFS('Holidays & Skeleton'!$B$29:$B$36,">="&C37,'Holidays & Skeleton'!$B$29:$B$36,"<="&(C37+4))*'Audit Setup'!$B$7 | G37: 0 | H37: =CEILING(MAX(0,SUM(D37:G37)),1) | K37: 0 | L37: =IF(NOT(ISNUMBER(C37)),"",TRIM(CONCATENATE(IF(AND('Audit Setup'!$C$20>=C37,'Audit Setup'!$C$20<=C37+4),"⚑ KICKOFF ",""),IF(AND('Audit Setup'!$C$21>=C37,'Audit Setup'!$C$21<=C37+4),"⚑ END OF PLANNING ",""),IF(AND('Audit Setup'!$C$22>=C37,'Audit Setup'!$C$22<=C37+4),"⚑ OUTLINE TO EXEC ",""),IF(AND('Audit Setup'!$C$23>=C37,'Audit Setup'!$C$23<=C37+4),"⚑ ON-TARGET ",""),IF(AND('Audit Setup'!$C$25>=C37,'Audit Setup'!$C$25<=C37+4),"⚑ DRAFT TO EXEC ",""),IF(AND('Audit Setup'!$C$26>=C37,'Audit Setup'!$C$26<=C37+4),"⚑ EXIT CONFERENCE ",""),IF(AND('Audit Setup'!$C$27>=C37,'Audit Setup'!$C$27<=C37+4),"⚑ MGMT RESPONSES DUE ",""),IF(AND('Audit Setup'!$C$32>=C37,'Audit Setup'!$C$32<=C37+4),"⚑ REPORT RELEASE ",""))))
A38: =IF(5<='Audit Setup'!$B$13,"FW-"&5,"") | C38: =C37+7 | D38: 0 | E38: =-COUNTIFS('Holidays & Skeleton'!$B$5:$B$25,">="&C38,'Holidays & Skeleton'!$B$5:$B$25,"<="&(C38+4))*'Audit Setup'!$B$7 | F38: =-COUNTIFS('Holidays & Skeleton'!$B$29:$B$36,">="&C38,'Holidays & Skeleton'!$B$29:$B$36,"<="&(C38+4))*'Audit Setup'!$B$7 | G38: 0 | H38: =CEILING(MAX(0,SUM(D38:G38)),1) | K38: 0 | L38: =IF(NOT(ISNUMBER(C38)),"",TRIM(CONCATENATE(IF(AND('Audit Setup'!$C$20>=C38,'Audit Setup'!$C$20<=C38+4),"⚑ KICKOFF ",""),IF(AND('Audit Setup'!$C$21>=C38,'Audit Setup'!$C$21<=C38+4),"⚑ END OF PLANNING ",""),IF(AND('Audit Setup'!$C$22>=C38,'Audit Setup'!$C$22<=C38+4),"⚑ OUTLINE TO EXEC ",""),IF(AND('Audit Setup'!$C$23>=C38,'Audit Setup'!$C$23<=C38+4),"⚑ ON-TARGET ",""),IF(AND('Audit Setup'!$C$25>=C38,'Audit Setup'!$C$25<=C38+4),"⚑ DRAFT TO EXEC ",""),IF(AND('Audit Setup'!$C$26>=C38,'Audit Setup'!$C$26<=C38+4),"⚑ EXIT CONFERENCE ",""),IF(AND('Audit Setup'!$C$27>=C38,'Audit Setup'!$C$27<=C38+4),"⚑ MGMT RESPONSES DUE ",""),IF(AND('Audit Setup'!$C$32>=C38,'Audit Setup'!$C$32<=C38+4),"⚑ REPORT RELEASE ",""))))
A39: =IF(6<='Audit Setup'!$B$13,"FW-"&6,"") | C39: =C38+7 | D39: 0 | E39: =-COUNTIFS('Holidays & Skeleton'!$B$5:$B$25,">="&C39,'Holidays & Skeleton'!$B$5:$B$25,"<="&(C39+4))*'Audit Setup'!$B$7 | F39: =-COUNTIFS('Holidays & Skeleton'!$B$29:$B$36,">="&C39,'Holidays & Skeleton'!$B$29:$B$36,"<="&(C39+4))*'Audit Setup'!$B$7 | G39: 0 | H39: =CEILING(MAX(0,SUM(D39:G39)),1) | K39: 0 | L39: =IF(NOT(ISNUMBER(C39)),"",TRIM(CONCATENATE(IF(AND('Audit Setup'!$C$20>=C39,'Audit Setup'!$C$20<=C39+4),"⚑ KICKOFF ",""),IF(AND('Audit Setup'!$C$21>=C39,'Audit Setup'!$C$21<=C39+4),"⚑ END OF PLANNING ",""),IF(AND('Audit Setup'!$C$22>=C39,'Audit Setup'!$C$22<=C39+4),"⚑ OUTLINE TO EXEC ",""),IF(AND('Audit Setup'!$C$23>=C39,'Audit Setup'!$C$23<=C39+4),"⚑ ON-TARGET ",""),IF(AND('Audit Setup'!$C$25>=C39,'Audit Setup'!$C$25<=C39+4),"⚑ DRAFT TO EXEC ",""),IF(AND('Audit Setup'!$C$26>=C39,'Audit Setup'!$C$26<=C39+4),"⚑ EXIT CONFERENCE ",""),IF(AND('Audit Setup'!$C$27>=C39,'Audit Setup'!$C$27<=C39+4),"⚑ MGMT RESPONSES DUE ",""),IF(AND('Audit Setup'!$C$32>=C39,'Audit Setup'!$C$32<=C39+4),"⚑ REPORT RELEASE ",""))))
A40: =IF(7<='Audit Setup'!$B$13,"FW-"&7,"") | C40: =C39+7 | D40: 0 | E40: =-COUNTIFS('Holidays & Skeleton'!$B$5:$B$25,">="&C40,'Holidays & Skeleton'!$B$5:$B$25,"<="&(C40+4))*'Audit Setup'!$B$7 | F40: =-COUNTIFS('Holidays & Skeleton'!$B$29:$B$36,">="&C40,'Holidays & Skeleton'!$B$29:$B$36,"<="&(C40+4))*'Audit Setup'!$B$7 | G40: 0 | H40: =CEILING(MAX(0,SUM(D40:G40)),1) | K40: 0 | L40: =IF(NOT(ISNUMBER(C40)),"",TRIM(CONCATENATE(IF(AND('Audit Setup'!$C$20>=C40,'Audit Setup'!$C$20<=C40+4),"⚑ KICKOFF ",""),IF(AND('Audit Setup'!$C$21>=C40,'Audit Setup'!$C$21<=C40+4),"⚑ END OF PLANNING ",""),IF(AND('Audit Setup'!$C$22>=C40,'Audit Setup'!$C$22<=C40+4),"⚑ OUTLINE TO EXEC ",""),IF(AND('Audit Setup'!$C$23>=C40,'Audit Setup'!$C$23<=C40+4),"⚑ ON-TARGET ",""),IF(AND('Audit Setup'!$C$25>=C40,'Audit Setup'!$C$25<=C40+4),"⚑ DRAFT TO EXEC ",""),IF(AND('Audit Setup'!$C$26>=C40,'Audit Setup'!$C$26<=C40+4),"⚑ EXIT CONFERENCE ",""),IF(AND('Audit Setup'!$C$27>=C40,'Audit Setup'!$C$27<=C40+4),"⚑ MGMT RESPONSES DUE ",""),IF(AND('Audit Setup'!$C$32>=C40,'Audit Setup'!$C$32<=C40+4),"⚑ REPORT RELEASE ",""))))
A41: =IF(8<='Audit Setup'!$B$13,"FW-"&8,"") | C41: =C40+7 | D41: 0 | E41: =-COUNTIFS('Holidays & Skeleton'!$B$5:$B$25,">="&C41,'Holidays & Skeleton'!$B$5:$B$25,"<="&(C41+4))*'Audit Setup'!$B$7 | F41: =-COUNTIFS('Holidays & Skeleton'!$B$29:$B$36,">="&C41,'Holidays & Skeleton'!$B$29:$B$36,"<="&(C41+4))*'Audit Setup'!$B$7 | G41: 0 | H41: =CEILING(MAX(0,SUM(D41:G41)),1) | K41: 0 | L41: =IF(NOT(ISNUMBER(C41)),"",TRIM(CONCATENATE(IF(AND('Audit Setup'!$C$20>=C41,'Audit Setup'!$C$20<=C41+4),"⚑ KICKOFF ",""),IF(AND('Audit Setup'!$C$21>=C41,'Audit Setup'!$C$21<=C41+4),"⚑ END OF PLANNING ",""),IF(AND('Audit Setup'!$C$22>=C41,'Audit Setup'!$C$22<=C41+4),"⚑ OUTLINE TO EXEC ",""),IF(AND('Audit Setup'!$C$23>=C41,'Audit Setup'!$C$23<=C41+4),"⚑ ON-TARGET ",""),IF(AND('Audit Setup'!$C$25>=C41,'Audit Setup'!$C$25<=C41+4),"⚑ DRAFT TO EXEC ",""),IF(AND('Audit Setup'!$C$26>=C41,'Audit Setup'!$C$26<=C41+4),"⚑ EXIT CONFERENCE ",""),IF(AND('Audit Setup'!$C$27>=C41,'Audit Setup'!$C$27<=C41+4),"⚑ MGMT RESPONSES DUE ",""),IF(AND('Audit Setup'!$C$32>=C41,'Audit Setup'!$C$32<=C41+4),"⚑ REPORT RELEASE ",""))))
A42: =IF(9<='Audit Setup'!$B$13,"FW-"&9,"") | C42: =C41+7 | D42: 0 | E42: =-COUNTIFS('Holidays & Skeleton'!$B$5:$B$25,">="&C42,'Holidays & Skeleton'!$B$5:$B$25,"<="&(C42+4))*'Audit Setup'!$B$7 | F42: =-COUNTIFS('Holidays & Skeleton'!$B$29:$B$36,">="&C42,'Holidays & Skeleton'!$B$29:$B$36,"<="&(C42+4))*'Audit Setup'!$B$7 | G42: 0 | H42: =CEILING(MAX(0,SUM(D42:G42)),1) | K42: 0 | L42: =IF(NOT(ISNUMBER(C42)),"",TRIM(CONCATENATE(IF(AND('Audit Setup'!$C$20>=C42,'Audit Setup'!$C$20<=C42+4),"⚑ KICKOFF ",""),IF(AND('Audit Setup'!$C$21>=C42,'Audit Setup'!$C$21<=C42+4),"⚑ END OF PLANNING ",""),IF(AND('Audit Setup'!$C$22>=C42,'Audit Setup'!$C$22<=C42+4),"⚑ OUTLINE TO EXEC ",""),IF(AND('Audit Setup'!$C$23>=C42,'Audit Setup'!$C$23<=C42+4),"⚑ ON-TARGET ",""),IF(AND('Audit Setup'!$C$25>=C42,'Audit Setup'!$C$25<=C42+4),"⚑ DRAFT TO EXEC ",""),IF(AND('Audit Setup'!$C$26>=C42,'Audit Setup'!$C$26<=C42+4),"⚑ EXIT CONFERENCE ",""),IF(AND('Audit Setup'!$C$27>=C42,'Audit Setup'!$C$27<=C42+4),"⚑ MGMT RESPONSES DUE ",""),IF(AND('Audit Setup'!$C$32>=C42,'Audit Setup'!$C$32<=C42+4),"⚑ REPORT RELEASE ",""))))
A43: =IF(10<='Audit Setup'!$B$13,"FW-"&10,"") | C43: =C42+7 | D43: 0 | E43: =-COUNTIFS('Holidays & Skeleton'!$B$5:$B$25,">="&C43,'Holidays & Skeleton'!$B$5:$B$25,"<="&(C43+4))*'Audit Setup'!$B$7 | F43: =-COUNTIFS('Holidays & Skeleton'!$B$29:$B$36,">="&C43,'Holidays & Skeleton'!$B$29:$B$36,"<="&(C43+4))*'Audit Setup'!$B$7 | G43: 0 | H43: =CEILING(MAX(0,SUM(D43:G43)),1) | K43: 0 | L43: =IF(NOT(ISNUMBER(C43)),"",TRIM(CONCATENATE(IF(AND('Audit Setup'!$C$20>=C43,'Audit Setup'!$C$20<=C43+4),"⚑ KICKOFF ",""),IF(AND('Audit Setup'!$C$21>=C43,'Audit Setup'!$C$21<=C43+4),"⚑ END OF PLANNING ",""),IF(AND('Audit Setup'!$C$22>=C43,'Audit Setup'!$C$22<=C43+4),"⚑ OUTLINE TO EXEC ",""),IF(AND('Audit Setup'!$C$23>=C43,'Audit Setup'!$C$23<=C43+4),"⚑ ON-TARGET ",""),IF(AND('Audit Setup'!$C$25>=C43,'Audit Setup'!$C$25<=C43+4),"⚑ DRAFT TO EXEC ",""),IF(AND('Audit Setup'!$C$26>=C43,'Audit Setup'!$C$26<=C43+4),"⚑ EXIT CONFERENCE ",""),IF(AND('Audit Setup'!$C$27>=C43,'Audit Setup'!$C$27<=C43+4),"⚑ MGMT RESPONSES DUE ",""),IF(AND('Audit Setup'!$C$32>=C43,'Audit Setup'!$C$32<=C43+4),"⚑ REPORT RELEASE ",""))))
A44: =IF(11<='Audit Setup'!$B$13,"FW-"&11,"") | C44: =C43+7 | D44: 0 | E44: =-COUNTIFS('Holidays & Skeleton'!$B$5:$B$25,">="&C44,'Holidays & Skeleton'!$B$5:$B$25,"<="&(C44+4))*'Audit Setup'!$B$7 | F44: =-COUNTIFS('Holidays & Skeleton'!$B$29:$B$36,">="&C44,'Holidays & Skeleton'!$B$29:$B$36,"<="&(C44+4))*'Audit Setup'!$B$7 | G44: 0 | H44: =CEILING(MAX(0,SUM(D44:G44)),1) | K44: 0 | L44: =IF(NOT(ISNUMBER(C44)),"",TRIM(CONCATENATE(IF(AND('Audit Setup'!$C$20>=C44,'Audit Setup'!$C$20<=C44+4),"⚑ KICKOFF ",""),IF(AND('Audit Setup'!$C$21>=C44,'Audit Setup'!$C$21<=C44+4),"⚑ END OF PLANNING ",""),IF(AND('Audit Setup'!$C$22>=C44,'Audit Setup'!$C$22<=C44+4),"⚑ OUTLINE TO EXEC ",""),IF(AND('Audit Setup'!$C$23>=C44,'Audit Setup'!$C$23<=C44+4),"⚑ ON-TARGET ",""),IF(AND('Audit Setup'!$C$25>=C44,'Audit Setup'!$C$25<=C44+4),"⚑ DRAFT TO EXEC ",""),IF(AND('Audit Setup'!$C$26>=C44,'Audit Setup'!$C$26<=C44+4),"⚑ EXIT CONFERENCE ",""),IF(AND('Audit Setup'!$C$27>=C44,'Audit Setup'!$C$27<=C44+4),"⚑ MGMT RESPONSES DUE ",""),IF(AND('Audit Setup'!$C$32>=C44,'Audit Setup'!$C$32<=C44+4),"⚑ REPORT RELEASE ",""))))
A45: =IF(12<='Audit Setup'!$B$13,"FW-"&12,"") | C45: =C44+7 | D45: 0 | E45: =-COUNTIFS('Holidays & Skeleton'!$B$5:$B$25,">="&C45,'Holidays & Skeleton'!$B$5:$B$25,"<="&(C45+4))*'Audit Setup'!$B$7 | F45: =-COUNTIFS('Holidays & Skeleton'!$B$29:$B$36,">="&C45,'Holidays & Skeleton'!$B$29:$B$36,"<="&(C45+4))*'Audit Setup'!$B$7 | G45: 0 | H45: =CEILING(MAX(0,SUM(D45:G45)),1) | K45: 0 | L45: =IF(NOT(ISNUMBER(C45)),"",TRIM(CONCATENATE(IF(AND('Audit Setup'!$C$20>=C45,'Audit Setup'!$C$20<=C45+4),"⚑ KICKOFF ",""),IF(AND('Audit Setup'!$C$21>=C45,'Audit Setup'!$C$21<=C45+4),"⚑ END OF PLANNING ",""),IF(AND('Audit Setup'!$C$22>=C45,'Audit Setup'!$C$22<=C45+4),"⚑ OUTLINE TO EXEC ",""),IF(AND('Audit Setup'!$C$23>=C45,'Audit Setup'!$C$23<=C45+4),"⚑ ON-TARGET ",""),IF(AND('Audit Setup'!$C$25>=C45,'Audit Setup'!$C$25<=C45+4),"⚑ DRAFT TO EXEC ",""),IF(AND('Audit Setup'!$C$26>=C45,'Audit Setup'!$C$26<=C45+4),"⚑ EXIT CONFERENCE ",""),IF(AND('Audit Setup'!$C$27>=C45,'Audit Setup'!$C$27<=C45+4),"⚑ MGMT RESPONSES DUE ",""),IF(AND('Audit Setup'!$C$32>=C45,'Audit Setup'!$C$32<=C45+4),"⚑ REPORT RELEASE ",""))))
A46: =IF(13<='Audit Setup'!$B$13,"FW-"&13,"") | C46: =C45+7 | D46: 0 | E46: =-COUNTIFS('Holidays & Skeleton'!$B$5:$B$25,">="&C46,'Holidays & Skeleton'!$B$5:$B$25,"<="&(C46+4))*'Audit Setup'!$B$7 | F46: =-COUNTIFS('Holidays & Skeleton'!$B$29:$B$36,">="&C46,'Holidays & Skeleton'!$B$29:$B$36,"<="&(C46+4))*'Audit Setup'!$B$7 | G46: 0 | H46: =CEILING(MAX(0,SUM(D46:G46)),1) | K46: 0 | L46: =IF(NOT(ISNUMBER(C46)),"",TRIM(CONCATENATE(IF(AND('Audit Setup'!$C$20>=C46,'Audit Setup'!$C$20<=C46+4),"⚑ KICKOFF ",""),IF(AND('Audit Setup'!$C$21>=C46,'Audit Setup'!$C$21<=C46+4),"⚑ END OF PLANNING ",""),IF(AND('Audit Setup'!$C$22>=C46,'Audit Setup'!$C$22<=C46+4),"⚑ OUTLINE TO EXEC ",""),IF(AND('Audit Setup'!$C$23>=C46,'Audit Setup'!$C$23<=C46+4),"⚑ ON-TARGET ",""),IF(AND('Audit Setup'!$C$25>=C46,'Audit Setup'!$C$25<=C46+4),"⚑ DRAFT TO EXEC ",""),IF(AND('Audit Setup'!$C$26>=C46,'Audit Setup'!$C$26<=C46+4),"⚑ EXIT CONFERENCE ",""),IF(AND('Audit Setup'!$C$27>=C46,'Audit Setup'!$C$27<=C46+4),"⚑ MGMT RESPONSES DUE ",""),IF(AND('Audit Setup'!$C$32>=C46,'Audit Setup'!$C$32<=C46+4),"⚑ REPORT RELEASE ",""))))
A47: =IF(14<='Audit Setup'!$B$13,"FW-"&14,"") | C47: =C46+7 | D47: 0 | E47: =-COUNTIFS('Holidays & Skeleton'!$B$5:$B$25,">="&C47,'Holidays & Skeleton'!$B$5:$B$25,"<="&(C47+4))*'Audit Setup'!$B$7 | F47: =-COUNTIFS('Holidays & Skeleton'!$B$29:$B$36,">="&C47,'Holidays & Skeleton'!$B$29:$B$36,"<="&(C47+4))*'Audit Setup'!$B$7 | G47: 0 | H47: =CEILING(MAX(0,SUM(D47:G47)),1) | K47: 0 | L47: =IF(NOT(ISNUMBER(C47)),"",TRIM(CONCATENATE(IF(AND('Audit Setup'!$C$20>=C47,'Audit Setup'!$C$20<=C47+4),"⚑ KICKOFF ",""),IF(AND('Audit Setup'!$C$21>=C47,'Audit Setup'!$C$21<=C47+4),"⚑ END OF PLANNING ",""),IF(AND('Audit Setup'!$C$22>=C47,'Audit Setup'!$C$22<=C47+4),"⚑ OUTLINE TO EXEC ",""),IF(AND('Audit Setup'!$C$23>=C47,'Audit Setup'!$C$23<=C47+4),"⚑ ON-TARGET ",""),IF(AND('Audit Setup'!$C$25>=C47,'Audit Setup'!$C$25<=C47+4),"⚑ DRAFT TO EXEC ",""),IF(AND('Audit Setup'!$C$26>=C47,'Audit Setup'!$C$26<=C47+4),"⚑ EXIT CONFERENCE ",""),IF(AND('Audit Setup'!$C$27>=C47,'Audit Setup'!$C$27<=C47+4),"⚑ MGMT RESPONSES DUE ",""),IF(AND('Audit Setup'!$C$32>=C47,'Audit Setup'!$C$32<=C47+4),"⚑ REPORT RELEASE ",""))))
A48: =IF(15<='Audit Setup'!$B$13,"FW-"&15,"") | C48: =C47+7 | D48: 0 | E48: =-COUNTIFS('Holidays & Skeleton'!$B$5:$B$25,">="&C48,'Holidays & Skeleton'!$B$5:$B$25,"<="&(C48+4))*'Audit Setup'!$B$7 | F48: =-COUNTIFS('Holidays & Skeleton'!$B$29:$B$36,">="&C48,'Holidays & Skeleton'!$B$29:$B$36,"<="&(C48+4))*'Audit Setup'!$B$7 | G48: 0 | H48: =CEILING(MAX(0,SUM(D48:G48)),1) | K48: 0 | L48: =IF(NOT(ISNUMBER(C48)),"",TRIM(CONCATENATE(IF(AND('Audit Setup'!$C$20>=C48,'Audit Setup'!$C$20<=C48+4),"⚑ KICKOFF ",""),IF(AND('Audit Setup'!$C$21>=C48,'Audit Setup'!$C$21<=C48+4),"⚑ END OF PLANNING ",""),IF(AND('Audit Setup'!$C$22>=C48,'Audit Setup'!$C$22<=C48+4),"⚑ OUTLINE TO EXEC ",""),IF(AND('Audit Setup'!$C$23>=C48,'Audit Setup'!$C$23<=C48+4),"⚑ ON-TARGET ",""),IF(AND('Audit Setup'!$C$25>=C48,'Audit Setup'!$C$25<=C48+4),"⚑ DRAFT TO EXEC ",""),IF(AND('Audit Setup'!$C$26>=C48,'Audit Setup'!$C$26<=C48+4),"⚑ EXIT CONFERENCE ",""),IF(AND('Audit Setup'!$C$27>=C48,'Audit Setup'!$C$27<=C48+4),"⚑ MGMT RESPONSES DUE ",""),IF(AND('Audit Setup'!$C$32>=C48,'Audit Setup'!$C$32<=C48+4),"⚑ REPORT RELEASE ",""))))
A49: =IF(16<='Audit Setup'!$B$13,"FW-"&16,"") | C49: =C48+7 | D49: 0 | E49: =-COUNTIFS('Holidays & Skeleton'!$B$5:$B$25,">="&C49,'Holidays & Skeleton'!$B$5:$B$25,"<="&(C49+4))*'Audit Setup'!$B$7 | F49: =-COUNTIFS('Holidays & Skeleton'!$B$29:$B$36,">="&C49,'Holidays & Skeleton'!$B$29:$B$36,"<="&(C49+4))*'Audit Setup'!$B$7 | G49: 0 | H49: =CEILING(MAX(0,SUM(D49:G49)),1) | K49: 0 | L49: =IF(NOT(ISNUMBER(C49)),"",TRIM(CONCATENATE(IF(AND('Audit Setup'!$C$20>=C49,'Audit Setup'!$C$20<=C49+4),"⚑ KICKOFF ",""),IF(AND('Audit Setup'!$C$21>=C49,'Audit Setup'!$C$21<=C49+4),"⚑ END OF PLANNING ",""),IF(AND('Audit Setup'!$C$22>=C49,'Audit Setup'!$C$22<=C49+4),"⚑ OUTLINE TO EXEC ",""),IF(AND('Audit Setup'!$C$23>=C49,'Audit Setup'!$C$23<=C49+4),"⚑ ON-TARGET ",""),IF(AND('Audit Setup'!$C$25>=C49,'Audit Setup'!$C$25<=C49+4),"⚑ DRAFT TO EXEC ",""),IF(AND('Audit Setup'!$C$26>=C49,'Audit Setup'!$C$26<=C49+4),"⚑ EXIT CONFERENCE ",""),IF(AND('Audit Setup'!$C$27>=C49,'Audit Setup'!$C$27<=C49+4),"⚑ MGMT RESPONSES DUE ",""),IF(AND('Audit Setup'!$C$32>=C49,'Audit Setup'!$C$32<=C49+4),"⚑ REPORT RELEASE ",""))))
A50: =IF(17<='Audit Setup'!$B$13,"FW-"&17,"") | C50: =C49+7 | D50: 0 | E50: =-COUNTIFS('Holidays & Skeleton'!$B$5:$B$25,">="&C50,'Holidays & Skeleton'!$B$5:$B$25,"<="&(C50+4))*'Audit Setup'!$B$7 | F50: =-COUNTIFS('Holidays & Skeleton'!$B$29:$B$36,">="&C50,'Holidays & Skeleton'!$B$29:$B$36,"<="&(C50+4))*'Audit Setup'!$B$7 | G50: 0 | H50: =CEILING(MAX(0,SUM(D50:G50)),1) | K50: 0 | L50: =IF(NOT(ISNUMBER(C50)),"",TRIM(CONCATENATE(IF(AND('Audit Setup'!$C$20>=C50,'Audit Setup'!$C$20<=C50+4),"⚑ KICKOFF ",""),IF(AND('Audit Setup'!$C$21>=C50,'Audit Setup'!$C$21<=C50+4),"⚑ END OF PLANNING ",""),IF(AND('Audit Setup'!$C$22>=C50,'Audit Setup'!$C$22<=C50+4),"⚑ OUTLINE TO EXEC ",""),IF(AND('Audit Setup'!$C$23>=C50,'Audit Setup'!$C$23<=C50+4),"⚑ ON-TARGET ",""),IF(AND('Audit Setup'!$C$25>=C50,'Audit Setup'!$C$25<=C50+4),"⚑ DRAFT TO EXEC ",""),IF(AND('Audit Setup'!$C$26>=C50,'Audit Setup'!$C$26<=C50+4),"⚑ EXIT CONFERENCE ",""),IF(AND('Audit Setup'!$C$27>=C50,'Audit Setup'!$C$27<=C50+4),"⚑ MGMT RESPONSES DUE ",""),IF(AND('Audit Setup'!$C$32>=C50,'Audit Setup'!$C$32<=C50+4),"⚑ REPORT RELEASE ",""))))
A51: =IF(18<='Audit Setup'!$B$13,"FW-"&18,"") | C51: =C50+7 | D51: 0 | E51: =-COUNTIFS('Holidays & Skeleton'!$B$5:$B$25,">="&C51,'Holidays & Skeleton'!$B$5:$B$25,"<="&(C51+4))*'Audit Setup'!$B$7 | F51: =-COUNTIFS('Holidays & Skeleton'!$B$29:$B$36,">="&C51,'Holidays & Skeleton'!$B$29:$B$36,"<="&(C51+4))*'Audit Setup'!$B$7 | G51: 0 | H51: =CEILING(MAX(0,SUM(D51:G51)),1) | K51: 0 | L51: =IF(NOT(ISNUMBER(C51)),"",TRIM(CONCATENATE(IF(AND('Audit Setup'!$C$20>=C51,'Audit Setup'!$C$20<=C51+4),"⚑ KICKOFF ",""),IF(AND('Audit Setup'!$C$21>=C51,'Audit Setup'!$C$21<=C51+4),"⚑ END OF PLANNING ",""),IF(AND('Audit Setup'!$C$22>=C51,'Audit Setup'!$C$22<=C51+4),"⚑ OUTLINE TO EXEC ",""),IF(AND('Audit Setup'!$C$23>=C51,'Audit Setup'!$C$23<=C51+4),"⚑ ON-TARGET ",""),IF(AND('Audit Setup'!$C$25>=C51,'Audit Setup'!$C$25<=C51+4),"⚑ DRAFT TO EXEC ",""),IF(AND('Audit Setup'!$C$26>=C51,'Audit Setup'!$C$26<=C51+4),"⚑ EXIT CONFERENCE ",""),IF(AND('Audit Setup'!$C$27>=C51,'Audit Setup'!$C$27<=C51+4),"⚑ MGMT RESPONSES DUE ",""),IF(AND('Audit Setup'!$C$32>=C51,'Audit Setup'!$C$32<=C51+4),"⚑ REPORT RELEASE ",""))))
A52: =IF(19<='Audit Setup'!$B$13,"FW-"&19,"") | C52: =C51+7 | D52: 0 | E52: =-COUNTIFS('Holidays & Skeleton'!$B$5:$B$25,">="&C52,'Holidays & Skeleton'!$B$5:$B$25,"<="&(C52+4))*'Audit Setup'!$B$7 | F52: =-COUNTIFS('Holidays & Skeleton'!$B$29:$B$36,">="&C52,'Holidays & Skeleton'!$B$29:$B$36,"<="&(C52+4))*'Audit Setup'!$B$7 | G52: 0 | H52: =CEILING(MAX(0,SUM(D52:G52)),1) | K52: 0 | L52: =IF(NOT(ISNUMBER(C52)),"",TRIM(CONCATENATE(IF(AND('Audit Setup'!$C$20>=C52,'Audit Setup'!$C$20<=C52+4),"⚑ KICKOFF ",""),IF(AND('Audit Setup'!$C$21>=C52,'Audit Setup'!$C$21<=C52+4),"⚑ END OF PLANNING ",""),IF(AND('Audit Setup'!$C$22>=C52,'Audit Setup'!$C$22<=C52+4),"⚑ OUTLINE TO EXEC ",""),IF(AND('Audit Setup'!$C$23>=C52,'Audit Setup'!$C$23<=C52+4),"⚑ ON-TARGET ",""),IF(AND('Audit Setup'!$C$25>=C52,'Audit Setup'!$C$25<=C52+4),"⚑ DRAFT TO EXEC ",""),IF(AND('Audit Setup'!$C$26>=C52,'Audit Setup'!$C$26<=C52+4),"⚑ EXIT CONFERENCE ",""),IF(AND('Audit Setup'!$C$27>=C52,'Audit Setup'!$C$27<=C52+4),"⚑ MGMT RESPONSES DUE ",""),IF(AND('Audit Setup'!$C$32>=C52,'Audit Setup'!$C$32<=C52+4),"⚑ REPORT RELEASE ",""))))
A53: =IF(20<='Audit Setup'!$B$13,"FW-"&20,"") | C53: =C52+7 | D53: 0 | E53: =-COUNTIFS('Holidays & Skeleton'!$B$5:$B$25,">="&C53,'Holidays & Skeleton'!$B$5:$B$25,"<="&(C53+4))*'Audit Setup'!$B$7 | F53: =-COUNTIFS('Holidays & Skeleton'!$B$29:$B$36,">="&C53,'Holidays & Skeleton'!$B$29:$B$36,"<="&(C53+4))*'Audit Setup'!$B$7 | G53: 0 | H53: =CEILING(MAX(0,SUM(D53:G53)),1) | K53: 0 | L53: =IF(NOT(ISNUMBER(C53)),"",TRIM(CONCATENATE(IF(AND('Audit Setup'!$C$20>=C53,'Audit Setup'!$C$20<=C53+4),"⚑ KICKOFF ",""),IF(AND('Audit Setup'!$C$21>=C53,'Audit Setup'!$C$21<=C53+4),"⚑ END OF PLANNING ",""),IF(AND('Audit Setup'!$C$22>=C53,'Audit Setup'!$C$22<=C53+4),"⚑ OUTLINE TO EXEC ",""),IF(AND('Audit Setup'!$C$23>=C53,'Audit Setup'!$C$23<=C53+4),"⚑ ON-TARGET ",""),IF(AND('Audit Setup'!$C$25>=C53,'Audit Setup'!$C$25<=C53+4),"⚑ DRAFT TO EXEC ",""),IF(AND('Audit Setup'!$C$26>=C53,'Audit Setup'!$C$26<=C53+4),"⚑ EXIT CONFERENCE ",""),IF(AND('Audit Setup'!$C$27>=C53,'Audit Setup'!$C$27<=C53+4),"⚑ MGMT RESPONSES DUE ",""),IF(AND('Audit Setup'!$C$32>=C53,'Audit Setup'!$C$32<=C53+4),"⚑ REPORT RELEASE ",""))))
A54: =IF(21<='Audit Setup'!$B$13,"FW-"&21,"") | C54: =C53+7 | D54: 0 | E54: =-COUNTIFS('Holidays & Skeleton'!$B$5:$B$25,">="&C54,'Holidays & Skeleton'!$B$5:$B$25,"<="&(C54+4))*'Audit Setup'!$B$7 | F54: =-COUNTIFS('Holidays & Skeleton'!$B$29:$B$36,">="&C54,'Holidays & Skeleton'!$B$29:$B$36,"<="&(C54+4))*'Audit Setup'!$B$7 | G54: 0 | H54: =CEILING(MAX(0,SUM(D54:G54)),1) | K54: 0 | L54: =IF(NOT(ISNUMBER(C54)),"",TRIM(CONCATENATE(IF(AND('Audit Setup'!$C$20>=C54,'Audit Setup'!$C$20<=C54+4),"⚑ KICKOFF ",""),IF(AND('Audit Setup'!$C$21>=C54,'Audit Setup'!$C$21<=C54+4),"⚑ END OF PLANNING ",""),IF(AND('Audit Setup'!$C$22>=C54,'Audit Setup'!$C$22<=C54+4),"⚑ OUTLINE TO EXEC ",""),IF(AND('Audit Setup'!$C$23>=C54,'Audit Setup'!$C$23<=C54+4),"⚑ ON-TARGET ",""),IF(AND('Audit Setup'!$C$25>=C54,'Audit Setup'!$C$25<=C54+4),"⚑ DRAFT TO EXEC ",""),IF(AND('Audit Setup'!$C$26>=C54,'Audit Setup'!$C$26<=C54+4),"⚑ EXIT CONFERENCE ",""),IF(AND('Audit Setup'!$C$27>=C54,'Audit Setup'!$C$27<=C54+4),"⚑ MGMT RESPONSES DUE ",""),IF(AND('Audit Setup'!$C$32>=C54,'Audit Setup'!$C$32<=C54+4),"⚑ REPORT RELEASE ",""))))
A55: =IF(22<='Audit Setup'!$B$13,"FW-"&22,"") | C55: =C54+7 | D55: 0 | E55: =-COUNTIFS('Holidays & Skeleton'!$B$5:$B$25,">="&C55,'Holidays & Skeleton'!$B$5:$B$25,"<="&(C55+4))*'Audit Setup'!$B$7 | F55: =-COUNTIFS('Holidays & Skeleton'!$B$29:$B$36,">="&C55,'Holidays & Skeleton'!$B$29:$B$36,"<="&(C55+4))*'Audit Setup'!$B$7 | G55: 0 | H55: =CEILING(MAX(0,SUM(D55:G55)),1) | K55: 0 | L55: =IF(NOT(ISNUMBER(C55)),"",TRIM(CONCATENATE(IF(AND('Audit Setup'!$C$20>=C55,'Audit Setup'!$C$20<=C55+4),"⚑ KICKOFF ",""),IF(AND('Audit Setup'!$C$21>=C55,'Audit Setup'!$C$21<=C55+4),"⚑ END OF PLANNING ",""),IF(AND('Audit Setup'!$C$22>=C55,'Audit Setup'!$C$22<=C55+4),"⚑ OUTLINE TO EXEC ",""),IF(AND('Audit Setup'!$C$23>=C55,'Audit Setup'!$C$23<=C55+4),"⚑ ON-TARGET ",""),IF(AND('Audit Setup'!$C$25>=C55,'Audit Setup'!$C$25<=C55+4),"⚑ DRAFT TO EXEC ",""),IF(AND('Audit Setup'!$C$26>=C55,'Audit Setup'!$C$26<=C55+4),"⚑ EXIT CONFERENCE ",""),IF(AND('Audit Setup'!$C$27>=C55,'Audit Setup'!$C$27<=C55+4),"⚑ MGMT RESPONSES DUE ",""),IF(AND('Audit Setup'!$C$32>=C55,'Audit Setup'!$C$32<=C55+4),"⚑ REPORT RELEASE ",""))))
A56: =IF(23<='Audit Setup'!$B$13,"FW-"&23,"") | C56: =C55+7 | D56: 0 | E56: =-COUNTIFS('Holidays & Skeleton'!$B$5:$B$25,">="&C56,'Holidays & Skeleton'!$B$5:$B$25,"<="&(C56+4))*'Audit Setup'!$B$7 | F56: =-COUNTIFS('Holidays & Skeleton'!$B$29:$B$36,">="&C56,'Holidays & Skeleton'!$B$29:$B$36,"<="&(C56+4))*'Audit Setup'!$B$7 | G56: 0 | H56: =CEILING(MAX(0,SUM(D56:G56)),1) | K56: 0 | L56: =IF(NOT(ISNUMBER(C56)),"",TRIM(CONCATENATE(IF(AND('Audit Setup'!$C$20>=C56,'Audit Setup'!$C$20<=C56+4),"⚑ KICKOFF ",""),IF(AND('Audit Setup'!$C$21>=C56,'Audit Setup'!$C$21<=C56+4),"⚑ END OF PLANNING ",""),IF(AND('Audit Setup'!$C$22>=C56,'Audit Setup'!$C$22<=C56+4),"⚑ OUTLINE TO EXEC ",""),IF(AND('Audit Setup'!$C$23>=C56,'Audit Setup'!$C$23<=C56+4),"⚑ ON-TARGET ",""),IF(AND('Audit Setup'!$C$25>=C56,'Audit Setup'!$C$25<=C56+4),"⚑ DRAFT TO EXEC ",""),IF(AND('Audit Setup'!$C$26>=C56,'Audit Setup'!$C$26<=C56+4),"⚑ EXIT CONFERENCE ",""),IF(AND('Audit Setup'!$C$27>=C56,'Audit Setup'!$C$27<=C56+4),"⚑ MGMT RESPONSES DUE ",""),IF(AND('Audit Setup'!$C$32>=C56,'Audit Setup'!$C$32<=C56+4),"⚑ REPORT RELEASE ",""))))
A57: =IF(24<='Audit Setup'!$B$13,"FW-"&24,"") | C57: =C56+7 | D57: 0 | E57: =-COUNTIFS('Holidays & Skeleton'!$B$5:$B$25,">="&C57,'Holidays & Skeleton'!$B$5:$B$25,"<="&(C57+4))*'Audit Setup'!$B$7 | F57: =-COUNTIFS('Holidays & Skeleton'!$B$29:$B$36,">="&C57,'Holidays & Skeleton'!$B$29:$B$36,"<="&(C57+4))*'Audit Setup'!$B$7 | G57: 0 | H57: =CEILING(MAX(0,SUM(D57:G57)),1) | K57: 0 | L57: =IF(NOT(ISNUMBER(C57)),"",TRIM(CONCATENATE(IF(AND('Audit Setup'!$C$20>=C57,'Audit Setup'!$C$20<=C57+4),"⚑ KICKOFF ",""),IF(AND('Audit Setup'!$C$21>=C57,'Audit Setup'!$C$21<=C57+4),"⚑ END OF PLANNING ",""),IF(AND('Audit Setup'!$C$22>=C57,'Audit Setup'!$C$22<=C57+4),"⚑ OUTLINE TO EXEC ",""),IF(AND('Audit Setup'!$C$23>=C57,'Audit Setup'!$C$23<=C57+4),"⚑ ON-TARGET ",""),IF(AND('Audit Setup'!$C$25>=C57,'Audit Setup'!$C$25<=C57+4),"⚑ DRAFT TO EXEC ",""),IF(AND('Audit Setup'!$C$26>=C57,'Audit Setup'!$C$26<=C57+4),"⚑ EXIT CONFERENCE ",""),IF(AND('Audit Setup'!$C$27>=C57,'Audit Setup'!$C$27<=C57+4),"⚑ MGMT RESPONSES DUE ",""),IF(AND('Audit Setup'!$C$32>=C57,'Audit Setup'!$C$32<=C57+4),"⚑ REPORT RELEASE ",""))))
A58: =IF(25<='Audit Setup'!$B$13,"FW-"&25,"") | C58: =C57+7 | D58: 0 | E58: =-COUNTIFS('Holidays & Skeleton'!$B$5:$B$25,">="&C58,'Holidays & Skeleton'!$B$5:$B$25,"<="&(C58+4))*'Audit Setup'!$B$7 | F58: =-COUNTIFS('Holidays & Skeleton'!$B$29:$B$36,">="&C58,'Holidays & Skeleton'!$B$29:$B$36,"<="&(C58+4))*'Audit Setup'!$B$7 | G58: 0 | H58: =CEILING(MAX(0,SUM(D58:G58)),1) | K58: 0 | L58: =IF(NOT(ISNUMBER(C58)),"",TRIM(CONCATENATE(IF(AND('Audit Setup'!$C$20>=C58,'Audit Setup'!$C$20<=C58+4),"⚑ KICKOFF ",""),IF(AND('Audit Setup'!$C$21>=C58,'Audit Setup'!$C$21<=C58+4),"⚑ END OF PLANNING ",""),IF(AND('Audit Setup'!$C$22>=C58,'Audit Setup'!$C$22<=C58+4),"⚑ OUTLINE TO EXEC ",""),IF(AND('Audit Setup'!$C$23>=C58,'Audit Setup'!$C$23<=C58+4),"⚑ ON-TARGET ",""),IF(AND('Audit Setup'!$C$25>=C58,'Audit Setup'!$C$25<=C58+4),"⚑ DRAFT TO EXEC ",""),IF(AND('Audit Setup'!$C$26>=C58,'Audit Setup'!$C$26<=C58+4),"⚑ EXIT CONFERENCE ",""),IF(AND('Audit Setup'!$C$27>=C58,'Audit Setup'!$C$27<=C58+4),"⚑ MGMT RESPONSES DUE ",""),IF(AND('Audit Setup'!$C$32>=C58,'Audit Setup'!$C$32<=C58+4),"⚑ REPORT RELEASE ",""))))
A59: =IF(26<='Audit Setup'!$B$13,"FW-"&26,"") | C59: =C58+7 | D59: 0 | E59: =-COUNTIFS('Holidays & Skeleton'!$B$5:$B$25,">="&C59,'Holidays & Skeleton'!$B$5:$B$25,"<="&(C59+4))*'Audit Setup'!$B$7 | F59: =-COUNTIFS('Holidays & Skeleton'!$B$29:$B$36,">="&C59,'Holidays & Skeleton'!$B$29:$B$36,"<="&(C59+4))*'Audit Setup'!$B$7 | G59: 0 | H59: =CEILING(MAX(0,SUM(D59:G59)),1) | K59: 0 | L59: =IF(NOT(ISNUMBER(C59)),"",TRIM(CONCATENATE(IF(AND('Audit Setup'!$C$20>=C59,'Audit Setup'!$C$20<=C59+4),"⚑ KICKOFF ",""),IF(AND('Audit Setup'!$C$21>=C59,'Audit Setup'!$C$21<=C59+4),"⚑ END OF PLANNING ",""),IF(AND('Audit Setup'!$C$22>=C59,'Audit Setup'!$C$22<=C59+4),"⚑ OUTLINE TO EXEC ",""),IF(AND('Audit Setup'!$C$23>=C59,'Audit Setup'!$C$23<=C59+4),"⚑ ON-TARGET ",""),IF(AND('Audit Setup'!$C$25>=C59,'Audit Setup'!$C$25<=C59+4),"⚑ DRAFT TO EXEC ",""),IF(AND('Audit Setup'!$C$26>=C59,'Audit Setup'!$C$26<=C59+4),"⚑ EXIT CONFERENCE ",""),IF(AND('Audit Setup'!$C$27>=C59,'Audit Setup'!$C$27<=C59+4),"⚑ MGMT RESPONSES DUE ",""),IF(AND('Audit Setup'!$C$32>=C59,'Audit Setup'!$C$32<=C59+4),"⚑ REPORT RELEASE ",""))))
A60: =IF(27<='Audit Setup'!$B$13,"FW-"&27,"") | C60: =C59+7 | D60: 0 | E60: =-COUNTIFS('Holidays & Skeleton'!$B$5:$B$25,">="&C60,'Holidays & Skeleton'!$B$5:$B$25,"<="&(C60+4))*'Audit Setup'!$B$7 | F60: =-COUNTIFS('Holidays & Skeleton'!$B$29:$B$36,">="&C60,'Holidays & Skeleton'!$B$29:$B$36,"<="&(C60+4))*'Audit Setup'!$B$7 | G60: 0 | H60: =CEILING(MAX(0,SUM(D60:G60)),1) | K60: 0 | L60: =IF(NOT(ISNUMBER(C60)),"",TRIM(CONCATENATE(IF(AND('Audit Setup'!$C$20>=C60,'Audit Setup'!$C$20<=C60+4),"⚑ KICKOFF ",""),IF(AND('Audit Setup'!$C$21>=C60,'Audit Setup'!$C$21<=C60+4),"⚑ END OF PLANNING ",""),IF(AND('Audit Setup'!$C$22>=C60,'Audit Setup'!$C$22<=C60+4),"⚑ OUTLINE TO EXEC ",""),IF(AND('Audit Setup'!$C$23>=C60,'Audit Setup'!$C$23<=C60+4),"⚑ ON-TARGET ",""),IF(AND('Audit Setup'!$C$25>=C60,'Audit Setup'!$C$25<=C60+4),"⚑ DRAFT TO EXEC ",""),IF(AND('Audit Setup'!$C$26>=C60,'Audit Setup'!$C$26<=C60+4),"⚑ EXIT CONFERENCE ",""),IF(AND('Audit Setup'!$C$27>=C60,'Audit Setup'!$C$27<=C60+4),"⚑ MGMT RESPONSES DUE ",""),IF(AND('Audit Setup'!$C$32>=C60,'Audit Setup'!$C$32<=C60+4),"⚑ REPORT RELEASE ",""))))
A61: =IF(28<='Audit Setup'!$B$13,"FW-"&28,"") | C61: =C60+7 | D61: 0 | E61: =-COUNTIFS('Holidays & Skeleton'!$B$5:$B$25,">="&C61,'Holidays & Skeleton'!$B$5:$B$25,"<="&(C61+4))*'Audit Setup'!$B$7 | F61: =-COUNTIFS('Holidays & Skeleton'!$B$29:$B$36,">="&C61,'Holidays & Skeleton'!$B$29:$B$36,"<="&(C61+4))*'Audit Setup'!$B$7 | G61: 0 | H61: =CEILING(MAX(0,SUM(D61:G61)),1) | K61: 0 | L61: =IF(NOT(ISNUMBER(C61)),"",TRIM(CONCATENATE(IF(AND('Audit Setup'!$C$20>=C61,'Audit Setup'!$C$20<=C61+4),"⚑ KICKOFF ",""),IF(AND('Audit Setup'!$C$21>=C61,'Audit Setup'!$C$21<=C61+4),"⚑ END OF PLANNING ",""),IF(AND('Audit Setup'!$C$22>=C61,'Audit Setup'!$C$22<=C61+4),"⚑ OUTLINE TO EXEC ",""),IF(AND('Audit Setup'!$C$23>=C61,'Audit Setup'!$C$23<=C61+4),"⚑ ON-TARGET ",""),IF(AND('Audit Setup'!$C$25>=C61,'Audit Setup'!$C$25<=C61+4),"⚑ DRAFT TO EXEC ",""),IF(AND('Audit Setup'!$C$26>=C61,'Audit Setup'!$C$26<=C61+4),"⚑ EXIT CONFERENCE ",""),IF(AND('Audit Setup'!$C$27>=C61,'Audit Setup'!$C$27<=C61+4),"⚑ MGMT RESPONSES DUE ",""),IF(AND('Audit Setup'!$C$32>=C61,'Audit Setup'!$C$32<=C61+4),"⚑ REPORT RELEASE ",""))))
A62: =IF(29<='Audit Setup'!$B$13,"FW-"&29,"") | C62: =C61+7 | D62: 0 | E62: =-COUNTIFS('Holidays & Skeleton'!$B$5:$B$25,">="&C62,'Holidays & Skeleton'!$B$5:$B$25,"<="&(C62+4))*'Audit Setup'!$B$7 | F62: =-COUNTIFS('Holidays & Skeleton'!$B$29:$B$36,">="&C62,'Holidays & Skeleton'!$B$29:$B$36,"<="&(C62+4))*'Audit Setup'!$B$7 | G62: 0 | H62: =CEILING(MAX(0,SUM(D62:G62)),1) | K62: 0 | L62: =IF(NOT(ISNUMBER(C62)),"",TRIM(CONCATENATE(IF(AND('Audit Setup'!$C$20>=C62,'Audit Setup'!$C$20<=C62+4),"⚑ KICKOFF ",""),IF(AND('Audit Setup'!$C$21>=C62,'Audit Setup'!$C$21<=C62+4),"⚑ END OF PLANNING ",""),IF(AND('Audit Setup'!$C$22>=C62,'Audit Setup'!$C$22<=C62+4),"⚑ OUTLINE TO EXEC ",""),IF(AND('Audit Setup'!$C$23>=C62,'Audit Setup'!$C$23<=C62+4),"⚑ ON-TARGET ",""),IF(AND('Audit Setup'!$C$25>=C62,'Audit Setup'!$C$25<=C62+4),"⚑ DRAFT TO EXEC ",""),IF(AND('Audit Setup'!$C$26>=C62,'Audit Setup'!$C$26<=C62+4),"⚑ EXIT CONFERENCE ",""),IF(AND('Audit Setup'!$C$27>=C62,'Audit Setup'!$C$27<=C62+4),"⚑ MGMT RESPONSES DUE ",""),IF(AND('Audit Setup'!$C$32>=C62,'Audit Setup'!$C$32<=C62+4),"⚑ REPORT RELEASE ",""))))
A63: =IF(30<='Audit Setup'!$B$13,"FW-"&30,"") | C63: =C62+7 | D63: 0 | E63: =-COUNTIFS('Holidays & Skeleton'!$B$5:$B$25,">="&C63,'Holidays & Skeleton'!$B$5:$B$25,"<="&(C63+4))*'Audit Setup'!$B$7 | F63: =-COUNTIFS('Holidays & Skeleton'!$B$29:$B$36,">="&C63,'Holidays & Skeleton'!$B$29:$B$36,"<="&(C63+4))*'Audit Setup'!$B$7 | G63: 0 | H63: =CEILING(MAX(0,SUM(D63:G63)),1) | K63: 0 | L63: =IF(NOT(ISNUMBER(C63)),"",TRIM(CONCATENATE(IF(AND('Audit Setup'!$C$20>=C63,'Audit Setup'!$C$20<=C63+4),"⚑ KICKOFF ",""),IF(AND('Audit Setup'!$C$21>=C63,'Audit Setup'!$C$21<=C63+4),"⚑ END OF PLANNING ",""),IF(AND('Audit Setup'!$C$22>=C63,'Audit Setup'!$C$22<=C63+4),"⚑ OUTLINE TO EXEC ",""),IF(AND('Audit Setup'!$C$23>=C63,'Audit Setup'!$C$23<=C63+4),"⚑ ON-TARGET ",""),IF(AND('Audit Setup'!$C$25>=C63,'Audit Setup'!$C$25<=C63+4),"⚑ DRAFT TO EXEC ",""),IF(AND('Audit Setup'!$C$26>=C63,'Audit Setup'!$C$26<=C63+4),"⚑ EXIT CONFERENCE ",""),IF(AND('Audit Setup'!$C$27>=C63,'Audit Setup'!$C$27<=C63+4),"⚑ MGMT RESPONSES DUE ",""),IF(AND('Audit Setup'!$C$32>=C63,'Audit Setup'!$C$32<=C63+4),"⚑ REPORT RELEASE ",""))))
A64: =IF(31<='Audit Setup'!$B$13,"FW-"&31,"") | C64: =C63+7 | D64: 0 | E64: =-COUNTIFS('Holidays & Skeleton'!$B$5:$B$25,">="&C64,'Holidays & Skeleton'!$B$5:$B$25,"<="&(C64+4))*'Audit Setup'!$B$7 | F64: =-COUNTIFS('Holidays & Skeleton'!$B$29:$B$36,">="&C64,'Holidays & Skeleton'!$B$29:$B$36,"<="&(C64+4))*'Audit Setup'!$B$7 | G64: 0 | H64: =CEILING(MAX(0,SUM(D64:G64)),1) | K64: 0 | L64: =IF(NOT(ISNUMBER(C64)),"",TRIM(CONCATENATE(IF(AND('Audit Setup'!$C$20>=C64,'Audit Setup'!$C$20<=C64+4),"⚑ KICKOFF ",""),IF(AND('Audit Setup'!$C$21>=C64,'Audit Setup'!$C$21<=C64+4),"⚑ END OF PLANNING ",""),IF(AND('Audit Setup'!$C$22>=C64,'Audit Setup'!$C$22<=C64+4),"⚑ OUTLINE TO EXEC ",""),IF(AND('Audit Setup'!$C$23>=C64,'Audit Setup'!$C$23<=C64+4),"⚑ ON-TARGET ",""),IF(AND('Audit Setup'!$C$25>=C64,'Audit Setup'!$C$25<=C64+4),"⚑ DRAFT TO EXEC ",""),IF(AND('Audit Setup'!$C$26>=C64,'Audit Setup'!$C$26<=C64+4),"⚑ EXIT CONFERENCE ",""),IF(AND('Audit Setup'!$C$27>=C64,'Audit Setup'!$C$27<=C64+4),"⚑ MGMT RESPONSES DUE ",""),IF(AND('Audit Setup'!$C$32>=C64,'Audit Setup'!$C$32<=C64+4),"⚑ REPORT RELEASE ",""))))
A65: =IF(32<='Audit Setup'!$B$13,"FW-"&32,"") | C65: =C64+7 | D65: 0 | E65: =-COUNTIFS('Holidays & Skeleton'!$B$5:$B$25,">="&C65,'Holidays & Skeleton'!$B$5:$B$25,"<="&(C65+4))*'Audit Setup'!$B$7 | F65: =-COUNTIFS('Holidays & Skeleton'!$B$29:$B$36,">="&C65,'Holidays & Skeleton'!$B$29:$B$36,"<="&(C65+4))*'Audit Setup'!$B$7 | G65: 0 | H65: =CEILING(MAX(0,SUM(D65:G65)),1) | K65: 0 | L65: =IF(NOT(ISNUMBER(C65)),"",TRIM(CONCATENATE(IF(AND('Audit Setup'!$C$20>=C65,'Audit Setup'!$C$20<=C65+4),"⚑ KICKOFF ",""),IF(AND('Audit Setup'!$C$21>=C65,'Audit Setup'!$C$21<=C65+4),"⚑ END OF PLANNING ",""),IF(AND('Audit Setup'!$C$22>=C65,'Audit Setup'!$C$22<=C65+4),"⚑ OUTLINE TO EXEC ",""),IF(AND('Audit Setup'!$C$23>=C65,'Audit Setup'!$C$23<=C65+4),"⚑ ON-TARGET ",""),IF(AND('Audit Setup'!$C$25>=C65,'Audit Setup'!$C$25<=C65+4),"⚑ DRAFT TO EXEC ",""),IF(AND('Audit Setup'!$C$26>=C65,'Audit Setup'!$C$26<=C65+4),"⚑ EXIT CONFERENCE ",""),IF(AND('Audit Setup'!$C$27>=C65,'Audit Setup'!$C$27<=C65+4),"⚑ MGMT RESPONSES DUE ",""),IF(AND('Audit Setup'!$C$32>=C65,'Audit Setup'!$C$32<=C65+4),"⚑ REPORT RELEASE ",""))))
A66: =IF(33<='Audit Setup'!$B$13,"FW-"&33,"") | C66: =C65+7 | D66: 0 | E66: =-COUNTIFS('Holidays & Skeleton'!$B$5:$B$25,">="&C66,'Holidays & Skeleton'!$B$5:$B$25,"<="&(C66+4))*'Audit Setup'!$B$7 | F66: =-COUNTIFS('Holidays & Skeleton'!$B$29:$B$36,">="&C66,'Holidays & Skeleton'!$B$29:$B$36,"<="&(C66+4))*'Audit Setup'!$B$7 | G66: 0 | H66: =CEILING(MAX(0,SUM(D66:G66)),1) | K66: 0 | L66: =IF(NOT(ISNUMBER(C66)),"",TRIM(CONCATENATE(IF(AND('Audit Setup'!$C$20>=C66,'Audit Setup'!$C$20<=C66+4),"⚑ KICKOFF ",""),IF(AND('Audit Setup'!$C$21>=C66,'Audit Setup'!$C$21<=C66+4),"⚑ END OF PLANNING ",""),IF(AND('Audit Setup'!$C$22>=C66,'Audit Setup'!$C$22<=C66+4),"⚑ OUTLINE TO EXEC ",""),IF(AND('Audit Setup'!$C$23>=C66,'Audit Setup'!$C$23<=C66+4),"⚑ ON-TARGET ",""),IF(AND('Audit Setup'!$C$25>=C66,'Audit Setup'!$C$25<=C66+4),"⚑ DRAFT TO EXEC ",""),IF(AND('Audit Setup'!$C$26>=C66,'Audit Setup'!$C$26<=C66+4),"⚑ EXIT CONFERENCE ",""),IF(AND('Audit Setup'!$C$27>=C66,'Audit Setup'!$C$27<=C66+4),"⚑ MGMT RESPONSES DUE ",""),IF(AND('Audit Setup'!$C$32>=C66,'Audit Setup'!$C$32<=C66+4),"⚑ REPORT RELEASE ",""))))
A67: =IF(34<='Audit Setup'!$B$13,"FW-"&34,"") | C67: =C66+7 | D67: 0 | E67: =-COUNTIFS('Holidays & Skeleton'!$B$5:$B$25,">="&C67,'Holidays & Skeleton'!$B$5:$B$25,"<="&(C67+4))*'Audit Setup'!$B$7 | F67: =-COUNTIFS('Holidays & Skeleton'!$B$29:$B$36,">="&C67,'Holidays & Skeleton'!$B$29:$B$36,"<="&(C67+4))*'Audit Setup'!$B$7 | G67: 0 | H67: =CEILING(MAX(0,SUM(D67:G67)),1) | K67: 0 | L67: =IF(NOT(ISNUMBER(C67)),"",TRIM(CONCATENATE(IF(AND('Audit Setup'!$C$20>=C67,'Audit Setup'!$C$20<=C67+4),"⚑ KICKOFF ",""),IF(AND('Audit Setup'!$C$21>=C67,'Audit Setup'!$C$21<=C67+4),"⚑ END OF PLANNING ",""),IF(AND('Audit Setup'!$C$22>=C67,'Audit Setup'!$C$22<=C67+4),"⚑ OUTLINE TO EXEC ",""),IF(AND('Audit Setup'!$C$23>=C67,'Audit Setup'!$C$23<=C67+4),"⚑ ON-TARGET ",""),IF(AND('Audit Setup'!$C$25>=C67,'Audit Setup'!$C$25<=C67+4),"⚑ DRAFT TO EXEC ",""),IF(AND('Audit Setup'!$C$26>=C67,'Audit Setup'!$C$26<=C67+4),"⚑ EXIT CONFERENCE ",""),IF(AND('Audit Setup'!$C$27>=C67,'Audit Setup'!$C$27<=C67+4),"⚑ MGMT RESPONSES DUE ",""),IF(AND('Audit Setup'!$C$32>=C67,'Audit Setup'!$C$32<=C67+4),"⚑ REPORT RELEASE ",""))))
A68: =IF(35<='Audit Setup'!$B$13,"FW-"&35,"") | C68: =C67+7 | D68: 0 | E68: =-COUNTIFS('Holidays & Skeleton'!$B$5:$B$25,">="&C68,'Holidays & Skeleton'!$B$5:$B$25,"<="&(C68+4))*'Audit Setup'!$B$7 | F68: =-COUNTIFS('Holidays & Skeleton'!$B$29:$B$36,">="&C68,'Holidays & Skeleton'!$B$29:$B$36,"<="&(C68+4))*'Audit Setup'!$B$7 | G68: 0 | H68: =CEILING(MAX(0,SUM(D68:G68)),1) | K68: 0 | L68: =IF(NOT(ISNUMBER(C68)),"",TRIM(CONCATENATE(IF(AND('Audit Setup'!$C$20>=C68,'Audit Setup'!$C$20<=C68+4),"⚑ KICKOFF ",""),IF(AND('Audit Setup'!$C$21>=C68,'Audit Setup'!$C$21<=C68+4),"⚑ END OF PLANNING ",""),IF(AND('Audit Setup'!$C$22>=C68,'Audit Setup'!$C$22<=C68+4),"⚑ OUTLINE TO EXEC ",""),IF(AND('Audit Setup'!$C$23>=C68,'Audit Setup'!$C$23<=C68+4),"⚑ ON-TARGET ",""),IF(AND('Audit Setup'!$C$25>=C68,'Audit Setup'!$C$25<=C68+4),"⚑ DRAFT TO EXEC ",""),IF(AND('Audit Setup'!$C$26>=C68,'Audit Setup'!$C$26<=C68+4),"⚑ EXIT CONFERENCE ",""),IF(AND('Audit Setup'!$C$27>=C68,'Audit Setup'!$C$27<=C68+4),"⚑ MGMT RESPONSES DUE ",""),IF(AND('Audit Setup'!$C$32>=C68,'Audit Setup'!$C$32<=C68+4),"⚑ REPORT RELEASE ",""))))
A69: =IF(36<='Audit Setup'!$B$13,"FW-"&36,"") | C69: =C68+7 | D69: 0 | E69: =-COUNTIFS('Holidays & Skeleton'!$B$5:$B$25,">="&C69,'Holidays & Skeleton'!$B$5:$B$25,"<="&(C69+4))*'Audit Setup'!$B$7 | F69: =-COUNTIFS('Holidays & Skeleton'!$B$29:$B$36,">="&C69,'Holidays & Skeleton'!$B$29:$B$36,"<="&(C69+4))*'Audit Setup'!$B$7 | G69: 0 | H69: =CEILING(MAX(0,SUM(D69:G69)),1) | K69: 0 | L69: =IF(NOT(ISNUMBER(C69)),"",TRIM(CONCATENATE(IF(AND('Audit Setup'!$C$20>=C69,'Audit Setup'!$C$20<=C69+4),"⚑ KICKOFF ",""),IF(AND('Audit Setup'!$C$21>=C69,'Audit Setup'!$C$21<=C69+4),"⚑ END OF PLANNING ",""),IF(AND('Audit Setup'!$C$22>=C69,'Audit Setup'!$C$22<=C69+4),"⚑ OUTLINE TO EXEC ",""),IF(AND('Audit Setup'!$C$23>=C69,'Audit Setup'!$C$23<=C69+4),"⚑ ON-TARGET ",""),IF(AND('Audit Setup'!$C$25>=C69,'Audit Setup'!$C$25<=C69+4),"⚑ DRAFT TO EXEC ",""),IF(AND('Audit Setup'!$C$26>=C69,'Audit Setup'!$C$26<=C69+4),"⚑ EXIT CONFERENCE ",""),IF(AND('Audit Setup'!$C$27>=C69,'Audit Setup'!$C$27<=C69+4),"⚑ MGMT RESPONSES DUE ",""),IF(AND('Audit Setup'!$C$32>=C69,'Audit Setup'!$C$32<=C69+4),"⚑ REPORT RELEASE ",""))))
A70: =IF(37<='Audit Setup'!$B$13,"FW-"&37,"") | C70: =C69+7 | D70: 0 | E70: =-COUNTIFS('Holidays & Skeleton'!$B$5:$B$25,">="&C70,'Holidays & Skeleton'!$B$5:$B$25,"<="&(C70+4))*'Audit Setup'!$B$7 | F70: =-COUNTIFS('Holidays & Skeleton'!$B$29:$B$36,">="&C70,'Holidays & Skeleton'!$B$29:$B$36,"<="&(C70+4))*'Audit Setup'!$B$7 | G70: 0 | H70: =CEILING(MAX(0,SUM(D70:G70)),1) | K70: 0 | L70: =IF(NOT(ISNUMBER(C70)),"",TRIM(CONCATENATE(IF(AND('Audit Setup'!$C$20>=C70,'Audit Setup'!$C$20<=C70+4),"⚑ KICKOFF ",""),IF(AND('Audit Setup'!$C$21>=C70,'Audit Setup'!$C$21<=C70+4),"⚑ END OF PLANNING ",""),IF(AND('Audit Setup'!$C$22>=C70,'Audit Setup'!$C$22<=C70+4),"⚑ OUTLINE TO EXEC ",""),IF(AND('Audit Setup'!$C$23>=C70,'Audit Setup'!$C$23<=C70+4),"⚑ ON-TARGET ",""),IF(AND('Audit Setup'!$C$25>=C70,'Audit Setup'!$C$25<=C70+4),"⚑ DRAFT TO EXEC ",""),IF(AND('Audit Setup'!$C$26>=C70,'Audit Setup'!$C$26<=C70+4),"⚑ EXIT CONFERENCE ",""),IF(AND('Audit Setup'!$C$27>=C70,'Audit Setup'!$C$27<=C70+4),"⚑ MGMT RESPONSES DUE ",""),IF(AND('Audit Setup'!$C$32>=C70,'Audit Setup'!$C$32<=C70+4),"⚑ REPORT RELEASE ",""))))
A71: =IF(38<='Audit Setup'!$B$13,"FW-"&38,"") | C71: =C70+7 | D71: 0 | E71: =-COUNTIFS('Holidays & Skeleton'!$B$5:$B$25,">="&C71,'Holidays & Skeleton'!$B$5:$B$25,"<="&(C71+4))*'Audit Setup'!$B$7 | F71: =-COUNTIFS('Holidays & Skeleton'!$B$29:$B$36,">="&C71,'Holidays & Skeleton'!$B$29:$B$36,"<="&(C71+4))*'Audit Setup'!$B$7 | G71: 0 | H71: =CEILING(MAX(0,SUM(D71:G71)),1) | K71: 0 | L71: =IF(NOT(ISNUMBER(C71)),"",TRIM(CONCATENATE(IF(AND('Audit Setup'!$C$20>=C71,'Audit Setup'!$C$20<=C71+4),"⚑ KICKOFF ",""),IF(AND('Audit Setup'!$C$21>=C71,'Audit Setup'!$C$21<=C71+4),"⚑ END OF PLANNING ",""),IF(AND('Audit Setup'!$C$22>=C71,'Audit Setup'!$C$22<=C71+4),"⚑ OUTLINE TO EXEC ",""),IF(AND('Audit Setup'!$C$23>=C71,'Audit Setup'!$C$23<=C71+4),"⚑ ON-TARGET ",""),IF(AND('Audit Setup'!$C$25>=C71,'Audit Setup'!$C$25<=C71+4),"⚑ DRAFT TO EXEC ",""),IF(AND('Audit Setup'!$C$26>=C71,'Audit Setup'!$C$26<=C71+4),"⚑ EXIT CONFERENCE ",""),IF(AND('Audit Setup'!$C$27>=C71,'Audit Setup'!$C$27<=C71+4),"⚑ MGMT RESPONSES DUE ",""),IF(AND('Audit Setup'!$C$32>=C71,'Audit Setup'!$C$32<=C71+4),"⚑ REPORT RELEASE ",""))))
A72: =IF(39<='Audit Setup'!$B$13,"FW-"&39,"") | C72: =C71+7 | D72: 0 | E72: =-COUNTIFS('Holidays & Skeleton'!$B$5:$B$25,">="&C72,'Holidays & Skeleton'!$B$5:$B$25,"<="&(C72+4))*'Audit Setup'!$B$7 | F72: =-COUNTIFS('Holidays & Skeleton'!$B$29:$B$36,">="&C72,'Holidays & Skeleton'!$B$29:$B$36,"<="&(C72+4))*'Audit Setup'!$B$7 | G72: 0 | H72: =CEILING(MAX(0,SUM(D72:G72)),1) | K72: 0 | L72: =IF(NOT(ISNUMBER(C72)),"",TRIM(CONCATENATE(IF(AND('Audit Setup'!$C$20>=C72,'Audit Setup'!$C$20<=C72+4),"⚑ KICKOFF ",""),IF(AND('Audit Setup'!$C$21>=C72,'Audit Setup'!$C$21<=C72+4),"⚑ END OF PLANNING ",""),IF(AND('Audit Setup'!$C$22>=C72,'Audit Setup'!$C$22<=C72+4),"⚑ OUTLINE TO EXEC ",""),IF(AND('Audit Setup'!$C$23>=C72,'Audit Setup'!$C$23<=C72+4),"⚑ ON-TARGET ",""),IF(AND('Audit Setup'!$C$25>=C72,'Audit Setup'!$C$25<=C72+4),"⚑ DRAFT TO EXEC ",""),IF(AND('Audit Setup'!$C$26>=C72,'Audit Setup'!$C$26<=C72+4),"⚑ EXIT CONFERENCE ",""),IF(AND('Audit Setup'!$C$27>=C72,'Audit Setup'!$C$27<=C72+4),"⚑ MGMT RESPONSES DUE ",""),IF(AND('Audit Setup'!$C$32>=C72,'Audit Setup'!$C$32<=C72+4),"⚑ REPORT RELEASE ",""))))
A73: =IF(40<='Audit Setup'!$B$13,"FW-"&40,"") | C73: =C72+7 | D73: 0 | E73: =-COUNTIFS('Holidays & Skeleton'!$B$5:$B$25,">="&C73,'Holidays & Skeleton'!$B$5:$B$25,"<="&(C73+4))*'Audit Setup'!$B$7 | F73: =-COUNTIFS('Holidays & Skeleton'!$B$29:$B$36,">="&C73,'Holidays & Skeleton'!$B$29:$B$36,"<="&(C73+4))*'Audit Setup'!$B$7 | G73: 0 | H73: =CEILING(MAX(0,SUM(D73:G73)),1) | K73: 0 | L73: =IF(NOT(ISNUMBER(C73)),"",TRIM(CONCATENATE(IF(AND('Audit Setup'!$C$20>=C73,'Audit Setup'!$C$20<=C73+4),"⚑ KICKOFF ",""),IF(AND('Audit Setup'!$C$21>=C73,'Audit Setup'!$C$21<=C73+4),"⚑ END OF PLANNING ",""),IF(AND('Audit Setup'!$C$22>=C73,'Audit Setup'!$C$22<=C73+4),"⚑ OUTLINE TO EXEC ",""),IF(AND('Audit Setup'!$C$23>=C73,'Audit Setup'!$C$23<=C73+4),"⚑ ON-TARGET ",""),IF(AND('Audit Setup'!$C$25>=C73,'Audit Setup'!$C$25<=C73+4),"⚑ DRAFT TO EXEC ",""),IF(AND('Audit Setup'!$C$26>=C73,'Audit Setup'!$C$26<=C73+4),"⚑ EXIT CONFERENCE ",""),IF(AND('Audit Setup'!$C$27>=C73,'Audit Setup'!$C$27<=C73+4),"⚑ MGMT RESPONSES DUE ",""),IF(AND('Audit Setup'!$C$32>=C73,'Audit Setup'!$C$32<=C73+4),"⚑ REPORT RELEASE ",""))))
A74: =" REPORTING - Weeks "&('Audit Setup'!$B$12+'Audit Setup'!$B$13+1)&"-"&'Audit Setup'!$B$16
A75: =IF(1<='Audit Setup'!$B$14,"RP-"&1,"") | C75: ='Audit Setup'!$C$14 | D75: 0 | E75: =-COUNTIFS('Holidays & Skeleton'!$B$5:$B$25,">="&C75,'Holidays & Skeleton'!$B$5:$B$25,"<="&(C75+4))*'Audit Setup'!$B$7 | F75: =-COUNTIFS('Holidays & Skeleton'!$B$29:$B$36,">="&C75,'Holidays & Skeleton'!$B$29:$B$36,"<="&(C75+4))*'Audit Setup'!$B$7 | G75: 0 | H75: =CEILING(MAX(0,SUM(D75:G75)),1) | K75: 0 | L75: =IF(NOT(ISNUMBER(C75)),"",TRIM(CONCATENATE(IF(AND('Audit Setup'!$C$20>=C75,'Audit Setup'!$C$20<=C75+4),"⚑ KICKOFF ",""),IF(AND('Audit Setup'!$C$21>=C75,'Audit Setup'!$C$21<=C75+4),"⚑ END OF PLANNING ",""),IF(AND('Audit Setup'!$C$22>=C75,'Audit Setup'!$C$22<=C75+4),"⚑ OUTLINE TO EXEC ",""),IF(AND('Audit Setup'!$C$23>=C75,'Audit Setup'!$C$23<=C75+4),"⚑ ON-TARGET ",""),IF(AND('Audit Setup'!$C$25>=C75,'Audit Setup'!$C$25<=C75+4),"⚑ DRAFT TO EXEC ",""),IF(AND('Audit Setup'!$C$26>=C75,'Audit Setup'!$C$26<=C75+4),"⚑ EXIT CONFERENCE ",""),IF(AND('Audit Setup'!$C$27>=C75,'Audit Setup'!$C$27<=C75+4),"⚑ MGMT RESPONSES DUE ",""),IF(AND('Audit Setup'!$C$32>=C75,'Audit Setup'!$C$32<=C75+4),"⚑ REPORT RELEASE ",""))))
A76: =IF(2<='Audit Setup'!$B$14,"RP-"&2,"") | C76: =C75+7 | D76: 0 | E76: =-COUNTIFS('Holidays & Skeleton'!$B$5:$B$25,">="&C76,'Holidays & Skeleton'!$B$5:$B$25,"<="&(C76+4))*'Audit Setup'!$B$7 | F76: =-COUNTIFS('Holidays & Skeleton'!$B$29:$B$36,">="&C76,'Holidays & Skeleton'!$B$29:$B$36,"<="&(C76+4))*'Audit Setup'!$B$7 | G76: 0 | H76: =CEILING(MAX(0,SUM(D76:G76)),1) | K76: 0 | L76: =IF(NOT(ISNUMBER(C76)),"",TRIM(CONCATENATE(IF(AND('Audit Setup'!$C$20>=C76,'Audit Setup'!$C$20<=C76+4),"⚑ KICKOFF ",""),IF(AND('Audit Setup'!$C$21>=C76,'Audit Setup'!$C$21<=C76+4),"⚑ END OF PLANNING ",""),IF(AND('Audit Setup'!$C$22>=C76,'Audit Setup'!$C$22<=C76+4),"⚑ OUTLINE TO EXEC ",""),IF(AND('Audit Setup'!$C$23>=C76,'Audit Setup'!$C$23<=C76+4),"⚑ ON-TARGET ",""),IF(AND('Audit Setup'!$C$25>=C76,'Audit Setup'!$C$25<=C76+4),"⚑ DRAFT TO EXEC ",""),IF(AND('Audit Setup'!$C$26>=C76,'Audit Setup'!$C$26<=C76+4),"⚑ EXIT CONFERENCE ",""),IF(AND('Audit Setup'!$C$27>=C76,'Audit Setup'!$C$27<=C76+4),"⚑ MGMT RESPONSES DUE ",""),IF(AND('Audit Setup'!$C$32>=C76,'Audit Setup'!$C$32<=C76+4),"⚑ REPORT RELEASE ",""))))
A77: =IF(3<='Audit Setup'!$B$14,"RP-"&3,"") | C77: =C76+7 | D77: 0 | E77: =-COUNTIFS('Holidays & Skeleton'!$B$5:$B$25,">="&C77,'Holidays & Skeleton'!$B$5:$B$25,"<="&(C77+4))*'Audit Setup'!$B$7 | F77: =-COUNTIFS('Holidays & Skeleton'!$B$29:$B$36,">="&C77,'Holidays & Skeleton'!$B$29:$B$36,"<="&(C77+4))*'Audit Setup'!$B$7 | G77: 0 | H77: =CEILING(MAX(0,SUM(D77:G77)),1) | K77: 0 | L77: =IF(NOT(ISNUMBER(C77)),"",TRIM(CONCATENATE(IF(AND('Audit Setup'!$C$20>=C77,'Audit Setup'!$C$20<=C77+4),"⚑ KICKOFF ",""),IF(AND('Audit Setup'!$C$21>=C77,'Audit Setup'!$C$21<=C77+4),"⚑ END OF PLANNING ",""),IF(AND('Audit Setup'!$C$22>=C77,'Audit Setup'!$C$22<=C77+4),"⚑ OUTLINE TO EXEC ",""),IF(AND('Audit Setup'!$C$23>=C77,'Audit Setup'!$C$23<=C77+4),"⚑ ON-TARGET ",""),IF(AND('Audit Setup'!$C$25>=C77,'Audit Setup'!$C$25<=C77+4),"⚑ DRAFT TO EXEC ",""),IF(AND('Audit Setup'!$C$26>=C77,'Audit Setup'!$C$26<=C77+4),"⚑ EXIT CONFERENCE ",""),IF(AND('Audit Setup'!$C$27>=C77,'Audit Setup'!$C$27<=C77+4),"⚑ MGMT RESPONSES DUE ",""),IF(AND('Audit Setup'!$C$32>=C77,'Audit Setup'!$C$32<=C77+4),"⚑ REPORT RELEASE ",""))))
A78: =IF(4<='Audit Setup'!$B$14,"RP-"&4,"") | C78: =C77+7 | D78: 0 | E78: =-COUNTIFS('Holidays & Skeleton'!$B$5:$B$25,">="&C78,'Holidays & Skeleton'!$B$5:$B$25,"<="&(C78+4))*'Audit Setup'!$B$7 | F78: =-COUNTIFS('Holidays & Skeleton'!$B$29:$B$36,">="&C78,'Holidays & Skeleton'!$B$29:$B$36,"<="&(C78+4))*'Audit Setup'!$B$7 | G78: 0 | H78: =CEILING(MAX(0,SUM(D78:G78)),1) | K78: 0 | L78: =IF(NOT(ISNUMBER(C78)),"",TRIM(CONCATENATE(IF(AND('Audit Setup'!$C$20>=C78,'Audit Setup'!$C$20<=C78+4),"⚑ KICKOFF ",""),IF(AND('Audit Setup'!$C$21>=C78,'Audit Setup'!$C$21<=C78+4),"⚑ END OF PLANNING ",""),IF(AND('Audit Setup'!$C$22>=C78,'Audit Setup'!$C$22<=C78+4),"⚑ OUTLINE TO EXEC ",""),IF(AND('Audit Setup'!$C$23>=C78,'Audit Setup'!$C$23<=C78+4),"⚑ ON-TARGET ",""),IF(AND('Audit Setup'!$C$25>=C78,'Audit Setup'!$C$25<=C78+4),"⚑ DRAFT TO EXEC ",""),IF(AND('Audit Setup'!$C$26>=C78,'Audit Setup'!$C$26<=C78+4),"⚑ EXIT CONFERENCE ",""),IF(AND('Audit Setup'!$C$27>=C78,'Audit Setup'!$C$27<=C78+4),"⚑ MGMT RESPONSES DUE ",""),IF(AND('Audit Setup'!$C$32>=C78,'Audit Setup'!$C$32<=C78+4),"⚑ REPORT RELEASE ",""))))
A79: =IF(5<='Audit Setup'!$B$14,"RP-"&5,"") | C79: =C78+7 | D79: 0 | E79: =-COUNTIFS('Holidays & Skeleton'!$B$5:$B$25,">="&C79,'Holidays & Skeleton'!$B$5:$B$25,"<="&(C79+4))*'Audit Setup'!$B$7 | F79: =-COUNTIFS('Holidays & Skeleton'!$B$29:$B$36,">="&C79,'Holidays & Skeleton'!$B$29:$B$36,"<="&(C79+4))*'Audit Setup'!$B$7 | G79: 0 | H79: =CEILING(MAX(0,SUM(D79:G79)),1) | K79: 0 | L79: =IF(NOT(ISNUMBER(C79)),"",TRIM(CONCATENATE(IF(AND('Audit Setup'!$C$20>=C79,'Audit Setup'!$C$20<=C79+4),"⚑ KICKOFF ",""),IF(AND('Audit Setup'!$C$21>=C79,'Audit Setup'!$C$21<=C79+4),"⚑ END OF PLANNING ",""),IF(AND('Audit Setup'!$C$22>=C79,'Audit Setup'!$C$22<=C79+4),"⚑ OUTLINE TO EXEC ",""),IF(AND('Audit Setup'!$C$23>=C79,'Audit Setup'!$C$23<=C79+4),"⚑ ON-TARGET ",""),IF(AND('Audit Setup'!$C$25>=C79,'Audit Setup'!$C$25<=C79+4),"⚑ DRAFT TO EXEC ",""),IF(AND('Audit Setup'!$C$26>=C79,'Audit Setup'!$C$26<=C79+4),"⚑ EXIT CONFERENCE ",""),IF(AND('Audit Setup'!$C$27>=C79,'Audit Setup'!$C$27<=C79+4),"⚑ MGMT RESPONSES DUE ",""),IF(AND('Audit Setup'!$C$32>=C79,'Audit Setup'!$C$32<=C79+4),"⚑ REPORT RELEASE ",""))))
A80: =IF(6<='Audit Setup'!$B$14,"RP-"&6,"") | C80: =C79+7 | D80: 0 | E80: =-COUNTIFS('Holidays & Skeleton'!$B$5:$B$25,">="&C80,'Holidays & Skeleton'!$B$5:$B$25,"<="&(C80+4))*'Audit Setup'!$B$7 | F80: =-COUNTIFS('Holidays & Skeleton'!$B$29:$B$36,">="&C80,'Holidays & Skeleton'!$B$29:$B$36,"<="&(C80+4))*'Audit Setup'!$B$7 | G80: 0 | H80: =CEILING(MAX(0,SUM(D80:G80)),1) | K80: 0 | L80: =IF(NOT(ISNUMBER(C80)),"",TRIM(CONCATENATE(IF(AND('Audit Setup'!$C$20>=C80,'Audit Setup'!$C$20<=C80+4),"⚑ KICKOFF ",""),IF(AND('Audit Setup'!$C$21>=C80,'Audit Setup'!$C$21<=C80+4),"⚑ END OF PLANNING ",""),IF(AND('Audit Setup'!$C$22>=C80,'Audit Setup'!$C$22<=C80+4),"⚑ OUTLINE TO EXEC ",""),IF(AND('Audit Setup'!$C$23>=C80,'Audit Setup'!$C$23<=C80+4),"⚑ ON-TARGET ",""),IF(AND('Audit Setup'!$C$25>=C80,'Audit Setup'!$C$25<=C80+4),"⚑ DRAFT TO EXEC ",""),IF(AND('Audit Setup'!$C$26>=C80,'Audit Setup'!$C$26<=C80+4),"⚑ EXIT CONFERENCE ",""),IF(AND('Audit Setup'!$C$27>=C80,'Audit Setup'!$C$27<=C80+4),"⚑ MGMT RESPONSES DUE ",""),IF(AND('Audit Setup'!$C$32>=C80,'Audit Setup'!$C$32<=C80+4),"⚑ REPORT RELEASE ",""))))
A81: =IF(7<='Audit Setup'!$B$14,"RP-"&7,"") | C81: =C80+7 | D81: 0 | E81: =-COUNTIFS('Holidays & Skeleton'!$B$5:$B$25,">="&C81,'Holidays & Skeleton'!$B$5:$B$25,"<="&(C81+4))*'Audit Setup'!$B$7 | F81: =-COUNTIFS('Holidays & Skeleton'!$B$29:$B$36,">="&C81,'Holidays & Skeleton'!$B$29:$B$36,"<="&(C81+4))*'Audit Setup'!$B$7 | G81: 0 | H81: =CEILING(MAX(0,SUM(D81:G81)),1) | K81: 0 | L81: =IF(NOT(ISNUMBER(C81)),"",TRIM(CONCATENATE(IF(AND('Audit Setup'!$C$20>=C81,'Audit Setup'!$C$20<=C81+4),"⚑ KICKOFF ",""),IF(AND('Audit Setup'!$C$21>=C81,'Audit Setup'!$C$21<=C81+4),"⚑ END OF PLANNING ",""),IF(AND('Audit Setup'!$C$22>=C81,'Audit Setup'!$C$22<=C81+4),"⚑ OUTLINE TO EXEC ",""),IF(AND('Audit Setup'!$C$23>=C81,'Audit Setup'!$C$23<=C81+4),"⚑ ON-TARGET ",""),IF(AND('Audit Setup'!$C$25>=C81,'Audit Setup'!$C$25<=C81+4),"⚑ DRAFT TO EXEC ",""),IF(AND('Audit Setup'!$C$26>=C81,'Audit Setup'!$C$26<=C81+4),"⚑ EXIT CONFERENCE ",""),IF(AND('Audit Setup'!$C$27>=C81,'Audit Setup'!$C$27<=C81+4),"⚑ MGMT RESPONSES DUE ",""),IF(AND('Audit Setup'!$C$32>=C81,'Audit Setup'!$C$32<=C81+4),"⚑ REPORT RELEASE ",""))))
A82: =IF(8<='Audit Setup'!$B$14,"RP-"&8,"") | C82: =C81+7 | D82: 0 | E82: =-COUNTIFS('Holidays & Skeleton'!$B$5:$B$25,">="&C82,'Holidays & Skeleton'!$B$5:$B$25,"<="&(C82+4))*'Audit Setup'!$B$7 | F82: =-COUNTIFS('Holidays & Skeleton'!$B$29:$B$36,">="&C82,'Holidays & Skeleton'!$B$29:$B$36,"<="&(C82+4))*'Audit Setup'!$B$7 | G82: 0 | H82: =CEILING(MAX(0,SUM(D82:G82)),1) | K82: 0 | L82: =IF(NOT(ISNUMBER(C82)),"",TRIM(CONCATENATE(IF(AND('Audit Setup'!$C$20>=C82,'Audit Setup'!$C$20<=C82+4),"⚑ KICKOFF ",""),IF(AND('Audit Setup'!$C$21>=C82,'Audit Setup'!$C$21<=C82+4),"⚑ END OF PLANNING ",""),IF(AND('Audit Setup'!$C$22>=C82,'Audit Setup'!$C$22<=C82+4),"⚑ OUTLINE TO EXEC ",""),IF(AND('Audit Setup'!$C$23>=C82,'Audit Setup'!$C$23<=C82+4),"⚑ ON-TARGET ",""),IF(AND('Audit Setup'!$C$25>=C82,'Audit Setup'!$C$25<=C82+4),"⚑ DRAFT TO EXEC ",""),IF(AND('Audit Setup'!$C$26>=C82,'Audit Setup'!$C$26<=C82+4),"⚑ EXIT CONFERENCE ",""),IF(AND('Audit Setup'!$C$27>=C82,'Audit Setup'!$C$27<=C82+4),"⚑ MGMT RESPONSES DUE ",""),IF(AND('Audit Setup'!$C$32>=C82,'Audit Setup'!$C$32<=C82+4),"⚑ REPORT RELEASE ",""))))
A83: =IF(9<='Audit Setup'!$B$14,"RP-"&9,"") | C83: =C82+7 | D83: 0 | E83: =-COUNTIFS('Holidays & Skeleton'!$B$5:$B$25,">="&C83,'Holidays & Skeleton'!$B$5:$B$25,"<="&(C83+4))*'Audit Setup'!$B$7 | F83: =-COUNTIFS('Holidays & Skeleton'!$B$29:$B$36,">="&C83,'Holidays & Skeleton'!$B$29:$B$36,"<="&(C83+4))*'Audit Setup'!$B$7 | G83: 0 | H83: =CEILING(MAX(0,SUM(D83:G83)),1) | K83: 0 | L83: =IF(NOT(ISNUMBER(C83)),"",TRIM(CONCATENATE(IF(AND('Audit Setup'!$C$20>=C83,'Audit Setup'!$C$20<=C83+4),"⚑ KICKOFF ",""),IF(AND('Audit Setup'!$C$21>=C83,'Audit Setup'!$C$21<=C83+4),"⚑ END OF PLANNING ",""),IF(AND('Audit Setup'!$C$22>=C83,'Audit Setup'!$C$22<=C83+4),"⚑ OUTLINE TO EXEC ",""),IF(AND('Audit Setup'!$C$23>=C83,'Audit Setup'!$C$23<=C83+4),"⚑ ON-TARGET ",""),IF(AND('Audit Setup'!$C$25>=C83,'Audit Setup'!$C$25<=C83+4),"⚑ DRAFT TO EXEC ",""),IF(AND('Audit Setup'!$C$26>=C83,'Audit Setup'!$C$26<=C83+4),"⚑ EXIT CONFERENCE ",""),IF(AND('Audit Setup'!$C$27>=C83,'Audit Setup'!$C$27<=C83+4),"⚑ MGMT RESPONSES DUE ",""),IF(AND('Audit Setup'!$C$32>=C83,'Audit Setup'!$C$32<=C83+4),"⚑ REPORT RELEASE ",""))))
A84: =IF(10<='Audit Setup'!$B$14,"RP-"&10,"") | C84: =C83+7 | D84: 0 | E84: =-COUNTIFS('Holidays & Skeleton'!$B$5:$B$25,">="&C84,'Holidays & Skeleton'!$B$5:$B$25,"<="&(C84+4))*'Audit Setup'!$B$7 | F84: =-COUNTIFS('Holidays & Skeleton'!$B$29:$B$36,">="&C84,'Holidays & Skeleton'!$B$29:$B$36,"<="&(C84+4))*'Audit Setup'!$B$7 | G84: 0 | H84: =CEILING(MAX(0,SUM(D84:G84)),1) | K84: 0 | L84: =IF(NOT(ISNUMBER(C84)),"",TRIM(CONCATENATE(IF(AND('Audit Setup'!$C$20>=C84,'Audit Setup'!$C$20<=C84+4),"⚑ KICKOFF ",""),IF(AND('Audit Setup'!$C$21>=C84,'Audit Setup'!$C$21<=C84+4),"⚑ END OF PLANNING ",""),IF(AND('Audit Setup'!$C$22>=C84,'Audit Setup'!$C$22<=C84+4),"⚑ OUTLINE TO EXEC ",""),IF(AND('Audit Setup'!$C$23>=C84,'Audit Setup'!$C$23<=C84+4),"⚑ ON-TARGET ",""),IF(AND('Audit Setup'!$C$25>=C84,'Audit Setup'!$C$25<=C84+4),"⚑ DRAFT TO EXEC ",""),IF(AND('Audit Setup'!$C$26>=C84,'Audit Setup'!$C$26<=C84+4),"⚑ EXIT CONFERENCE ",""),IF(AND('Audit Setup'!$C$27>=C84,'Audit Setup'!$C$27<=C84+4),"⚑ MGMT RESPONSES DUE ",""),IF(AND('Audit Setup'!$C$32>=C84,'Audit Setup'!$C$32<=C84+4),"⚑ REPORT RELEASE ",""))))
A85: =IF(11<='Audit Setup'!$B$14,"RP-"&11,"") | C85: =C84+7 | D85: 0 | E85: =-COUNTIFS('Holidays & Skeleton'!$B$5:$B$25,">="&C85,'Holidays & Skeleton'!$B$5:$B$25,"<="&(C85+4))*'Audit Setup'!$B$7 | F85: =-COUNTIFS('Holidays & Skeleton'!$B$29:$B$36,">="&C85,'Holidays & Skeleton'!$B$29:$B$36,"<="&(C85+4))*'Audit Setup'!$B$7 | G85: 0 | H85: =CEILING(MAX(0,SUM(D85:G85)),1) | K85: 0 | L85: =IF(NOT(ISNUMBER(C85)),"",TRIM(CONCATENATE(IF(AND('Audit Setup'!$C$20>=C85,'Audit Setup'!$C$20<=C85+4),"⚑ KICKOFF ",""),IF(AND('Audit Setup'!$C$21>=C85,'Audit Setup'!$C$21<=C85+4),"⚑ END OF PLANNING ",""),IF(AND('Audit Setup'!$C$22>=C85,'Audit Setup'!$C$22<=C85+4),"⚑ OUTLINE TO EXEC ",""),IF(AND('Audit Setup'!$C$23>=C85,'Audit Setup'!$C$23<=C85+4),"⚑ ON-TARGET ",""),IF(AND('Audit Setup'!$C$25>=C85,'Audit Setup'!$C$25<=C85+4),"⚑ DRAFT TO EXEC ",""),IF(AND('Audit Setup'!$C$26>=C85,'Audit Setup'!$C$26<=C85+4),"⚑ EXIT CONFERENCE ",""),IF(AND('Audit Setup'!$C$27>=C85,'Audit Setup'!$C$27<=C85+4),"⚑ MGMT RESPONSES DUE ",""),IF(AND('Audit Setup'!$C$32>=C85,'Audit Setup'!$C$32<=C85+4),"⚑ REPORT RELEASE ",""))))
A86: =IF(12<='Audit Setup'!$B$14,"RP-"&12,"") | C86: =C85+7 | D86: 0 | E86: =-COUNTIFS('Holidays & Skeleton'!$B$5:$B$25,">="&C86,'Holidays & Skeleton'!$B$5:$B$25,"<="&(C86+4))*'Audit Setup'!$B$7 | F86: =-COUNTIFS('Holidays & Skeleton'!$B$29:$B$36,">="&C86,'Holidays & Skeleton'!$B$29:$B$36,"<="&(C86+4))*'Audit Setup'!$B$7 | G86: 0 | H86: =CEILING(MAX(0,SUM(D86:G86)),1) | K86: 0 | L86: =IF(NOT(ISNUMBER(C86)),"",TRIM(CONCATENATE(IF(AND('Audit Setup'!$C$20>=C86,'Audit Setup'!$C$20<=C86+4),"⚑ KICKOFF ",""),IF(AND('Audit Setup'!$C$21>=C86,'Audit Setup'!$C$21<=C86+4),"⚑ END OF PLANNING ",""),IF(AND('Audit Setup'!$C$22>=C86,'Audit Setup'!$C$22<=C86+4),"⚑ OUTLINE TO EXEC ",""),IF(AND('Audit Setup'!$C$23>=C86,'Audit Setup'!$C$23<=C86+4),"⚑ ON-TARGET ",""),IF(AND('Audit Setup'!$C$25>=C86,'Audit Setup'!$C$25<=C86+4),"⚑ DRAFT TO EXEC ",""),IF(AND('Audit Setup'!$C$26>=C86,'Audit Setup'!$C$26<=C86+4),"⚑ EXIT CONFERENCE ",""),IF(AND('Audit Setup'!$C$27>=C86,'Audit Setup'!$C$27<=C86+4),"⚑ MGMT RESPONSES DUE ",""),IF(AND('Audit Setup'!$C$32>=C86,'Audit Setup'!$C$32<=C86+4),"⚑ REPORT RELEASE ",""))))
A87: =IF(13<='Audit Setup'!$B$14,"RP-"&13,"") | C87: =C86+7 | D87: 0 | E87: =-COUNTIFS('Holidays & Skeleton'!$B$5:$B$25,">="&C87,'Holidays & Skeleton'!$B$5:$B$25,"<="&(C87+4))*'Audit Setup'!$B$7 | F87: =-COUNTIFS('Holidays & Skeleton'!$B$29:$B$36,">="&C87,'Holidays & Skeleton'!$B$29:$B$36,"<="&(C87+4))*'Audit Setup'!$B$7 | G87: 0 | H87: =CEILING(MAX(0,SUM(D87:G87)),1) | K87: 0 | L87: =IF(NOT(ISNUMBER(C87)),"",TRIM(CONCATENATE(IF(AND('Audit Setup'!$C$20>=C87,'Audit Setup'!$C$20<=C87+4),"⚑ KICKOFF ",""),IF(AND('Audit Setup'!$C$21>=C87,'Audit Setup'!$C$21<=C87+4),"⚑ END OF PLANNING ",""),IF(AND('Audit Setup'!$C$22>=C87,'Audit Setup'!$C$22<=C87+4),"⚑ OUTLINE TO EXEC ",""),IF(AND('Audit Setup'!$C$23>=C87,'Audit Setup'!$C$23<=C87+4),"⚑ ON-TARGET ",""),IF(AND('Audit Setup'!$C$25>=C87,'Audit Setup'!$C$25<=C87+4),"⚑ DRAFT TO EXEC ",""),IF(AND('Audit Setup'!$C$26>=C87,'Audit Setup'!$C$26<=C87+4),"⚑ EXIT CONFERENCE ",""),IF(AND('Audit Setup'!$C$27>=C87,'Audit Setup'!$C$27<=C87+4),"⚑ MGMT RESPONSES DUE ",""),IF(AND('Audit Setup'!$C$32>=C87,'Audit Setup'!$C$32<=C87+4),"⚑ REPORT RELEASE ",""))))
A88: =IF(14<='Audit Setup'!$B$14,"RP-"&14,"") | C88: =C87+7 | D88: 0 | E88: =-COUNTIFS('Holidays & Skeleton'!$B$5:$B$25,">="&C88,'Holidays & Skeleton'!$B$5:$B$25,"<="&(C88+4))*'Audit Setup'!$B$7 | F88: =-COUNTIFS('Holidays & Skeleton'!$B$29:$B$36,">="&C88,'Holidays & Skeleton'!$B$29:$B$36,"<="&(C88+4))*'Audit Setup'!$B$7 | G88: 0 | H88: =CEILING(MAX(0,SUM(D88:G88)),1) | K88: 0 | L88: =IF(NOT(ISNUMBER(C88)),"",TRIM(CONCATENATE(IF(AND('Audit Setup'!$C$20>=C88,'Audit Setup'!$C$20<=C88+4),"⚑ KICKOFF ",""),IF(AND('Audit Setup'!$C$21>=C88,'Audit Setup'!$C$21<=C88+4),"⚑ END OF PLANNING ",""),IF(AND('Audit Setup'!$C$22>=C88,'Audit Setup'!$C$22<=C88+4),"⚑ OUTLINE TO EXEC ",""),IF(AND('Audit Setup'!$C$23>=C88,'Audit Setup'!$C$23<=C88+4),"⚑ ON-TARGET ",""),IF(AND('Audit Setup'!$C$25>=C88,'Audit Setup'!$C$25<=C88+4),"⚑ DRAFT TO EXEC ",""),IF(AND('Audit Setup'!$C$26>=C88,'Audit Setup'!$C$26<=C88+4),"⚑ EXIT CONFERENCE ",""),IF(AND('Audit Setup'!$C$27>=C88,'Audit Setup'!$C$27<=C88+4),"⚑ MGMT RESPONSES DUE ",""),IF(AND('Audit Setup'!$C$32>=C88,'Audit Setup'!$C$32<=C88+4),"⚑ REPORT RELEASE ",""))))
A89: =IF(15<='Audit Setup'!$B$14,"RP-"&15,"") | C89: =C88+7 | D89: 0 | E89: =-COUNTIFS('Holidays & Skeleton'!$B$5:$B$25,">="&C89,'Holidays & Skeleton'!$B$5:$B$25,"<="&(C89+4))*'Audit Setup'!$B$7 | F89: =-COUNTIFS('Holidays & Skeleton'!$B$29:$B$36,">="&C89,'Holidays & Skeleton'!$B$29:$B$36,"<="&(C89+4))*'Audit Setup'!$B$7 | G89: 0 | H89: =CEILING(MAX(0,SUM(D89:G89)),1) | K89: 0 | L89: =IF(NOT(ISNUMBER(C89)),"",TRIM(CONCATENATE(IF(AND('Audit Setup'!$C$20>=C89,'Audit Setup'!$C$20<=C89+4),"⚑ KICKOFF ",""),IF(AND('Audit Setup'!$C$21>=C89,'Audit Setup'!$C$21<=C89+4),"⚑ END OF PLANNING ",""),IF(AND('Audit Setup'!$C$22>=C89,'Audit Setup'!$C$22<=C89+4),"⚑ OUTLINE TO EXEC ",""),IF(AND('Audit Setup'!$C$23>=C89,'Audit Setup'!$C$23<=C89+4),"⚑ ON-TARGET ",""),IF(AND('Audit Setup'!$C$25>=C89,'Audit Setup'!$C$25<=C89+4),"⚑ DRAFT TO EXEC ",""),IF(AND('Audit Setup'!$C$26>=C89,'Audit Setup'!$C$26<=C89+4),"⚑ EXIT CONFERENCE ",""),IF(AND('Audit Setup'!$C$27>=C89,'Audit Setup'!$C$27<=C89+4),"⚑ MGMT RESPONSES DUE ",""),IF(AND('Audit Setup'!$C$32>=C89,'Audit Setup'!$C$32<=C89+4),"⚑ REPORT RELEASE ",""))))
A90: =IF(16<='Audit Setup'!$B$14,"RP-"&16,"") | C90: =C89+7 | D90: 0 | E90: =-COUNTIFS('Holidays & Skeleton'!$B$5:$B$25,">="&C90,'Holidays & Skeleton'!$B$5:$B$25,"<="&(C90+4))*'Audit Setup'!$B$7 | F90: =-COUNTIFS('Holidays & Skeleton'!$B$29:$B$36,">="&C90,'Holidays & Skeleton'!$B$29:$B$36,"<="&(C90+4))*'Audit Setup'!$B$7 | G90: 0 | H90: =CEILING(MAX(0,SUM(D90:G90)),1) | K90: 0 | L90: =IF(NOT(ISNUMBER(C90)),"",TRIM(CONCATENATE(IF(AND('Audit Setup'!$C$20>=C90,'Audit Setup'!$C$20<=C90+4),"⚑ KICKOFF ",""),IF(AND('Audit Setup'!$C$21>=C90,'Audit Setup'!$C$21<=C90+4),"⚑ END OF PLANNING ",""),IF(AND('Audit Setup'!$C$22>=C90,'Audit Setup'!$C$22<=C90+4),"⚑ OUTLINE TO EXEC ",""),IF(AND('Audit Setup'!$C$23>=C90,'Audit Setup'!$C$23<=C90+4),"⚑ ON-TARGET ",""),IF(AND('Audit Setup'!$C$25>=C90,'Audit Setup'!$C$25<=C90+4),"⚑ DRAFT TO EXEC ",""),IF(AND('Audit Setup'!$C$26>=C90,'Audit Setup'!$C$26<=C90+4),"⚑ EXIT CONFERENCE ",""),IF(AND('Audit Setup'!$C$27>=C90,'Audit Setup'!$C$27<=C90+4),"⚑ MGMT RESPONSES DUE ",""),IF(AND('Audit Setup'!$C$32>=C90,'Audit Setup'!$C$32<=C90+4),"⚑ REPORT RELEASE ",""))))
A91: =IF(17<='Audit Setup'!$B$14,"RP-"&17,"") | C91: =C90+7 | D91: 0 | E91: =-COUNTIFS('Holidays & Skeleton'!$B$5:$B$25,">="&C91,'Holidays & Skeleton'!$B$5:$B$25,"<="&(C91+4))*'Audit Setup'!$B$7 | F91: =-COUNTIFS('Holidays & Skeleton'!$B$29:$B$36,">="&C91,'Holidays & Skeleton'!$B$29:$B$36,"<="&(C91+4))*'Audit Setup'!$B$7 | G91: 0 | H91: =CEILING(MAX(0,SUM(D91:G91)),1) | K91: 0 | L91: =IF(NOT(ISNUMBER(C91)),"",TRIM(CONCATENATE(IF(AND('Audit Setup'!$C$20>=C91,'Audit Setup'!$C$20<=C91+4),"⚑ KICKOFF ",""),IF(AND('Audit Setup'!$C$21>=C91,'Audit Setup'!$C$21<=C91+4),"⚑ END OF PLANNING ",""),IF(AND('Audit Setup'!$C$22>=C91,'Audit Setup'!$C$22<=C91+4),"⚑ OUTLINE TO EXEC ",""),IF(AND('Audit Setup'!$C$23>=C91,'Audit Setup'!$C$23<=C91+4),"⚑ ON-TARGET ",""),IF(AND('Audit Setup'!$C$25>=C91,'Audit Setup'!$C$25<=C91+4),"⚑ DRAFT TO EXEC ",""),IF(AND('Audit Setup'!$C$26>=C91,'Audit Setup'!$C$26<=C91+4),"⚑ EXIT CONFERENCE ",""),IF(AND('Audit Setup'!$C$27>=C91,'Audit Setup'!$C$27<=C91+4),"⚑ MGMT RESPONSES DUE ",""),IF(AND('Audit Setup'!$C$32>=C91,'Audit Setup'!$C$32<=C91+4),"⚑ REPORT RELEASE ",""))))
A92: =IF(18<='Audit Setup'!$B$14,"RP-"&18,"") | C92: =C91+7 | D92: 0 | E92: =-COUNTIFS('Holidays & Skeleton'!$B$5:$B$25,">="&C92,'Holidays & Skeleton'!$B$5:$B$25,"<="&(C92+4))*'Audit Setup'!$B$7 | F92: =-COUNTIFS('Holidays & Skeleton'!$B$29:$B$36,">="&C92,'Holidays & Skeleton'!$B$29:$B$36,"<="&(C92+4))*'Audit Setup'!$B$7 | G92: 0 | H92: =CEILING(MAX(0,SUM(D92:G92)),1) | K92: 0 | L92: =IF(NOT(ISNUMBER(C92)),"",TRIM(CONCATENATE(IF(AND('Audit Setup'!$C$20>=C92,'Audit Setup'!$C$20<=C92+4),"⚑ KICKOFF ",""),IF(AND('Audit Setup'!$C$21>=C92,'Audit Setup'!$C$21<=C92+4),"⚑ END OF PLANNING ",""),IF(AND('Audit Setup'!$C$22>=C92,'Audit Setup'!$C$22<=C92+4),"⚑ OUTLINE TO EXEC ",""),IF(AND('Audit Setup'!$C$23>=C92,'Audit Setup'!$C$23<=C92+4),"⚑ ON-TARGET ",""),IF(AND('Audit Setup'!$C$25>=C92,'Audit Setup'!$C$25<=C92+4),"⚑ DRAFT TO EXEC ",""),IF(AND('Audit Setup'!$C$26>=C92,'Audit Setup'!$C$26<=C92+4),"⚑ EXIT CONFERENCE ",""),IF(AND('Audit Setup'!$C$27>=C92,'Audit Setup'!$C$27<=C92+4),"⚑ MGMT RESPONSES DUE ",""),IF(AND('Audit Setup'!$C$32>=C92,'Audit Setup'!$C$32<=C92+4),"⚑ REPORT RELEASE ",""))))
A93: =IF(19<='Audit Setup'!$B$14,"RP-"&19,"") | C93: =C92+7 | D93: 0 | E93: =-COUNTIFS('Holidays & Skeleton'!$B$5:$B$25,">="&C93,'Holidays & Skeleton'!$B$5:$B$25,"<="&(C93+4))*'Audit Setup'!$B$7 | F93: =-COUNTIFS('Holidays & Skeleton'!$B$29:$B$36,">="&C93,'Holidays & Skeleton'!$B$29:$B$36,"<="&(C93+4))*'Audit Setup'!$B$7 | G93: 0 | H93: =CEILING(MAX(0,SUM(D93:G93)),1) | K93: 0 | L93: =IF(NOT(ISNUMBER(C93)),"",TRIM(CONCATENATE(IF(AND('Audit Setup'!$C$20>=C93,'Audit Setup'!$C$20<=C93+4),"⚑ KICKOFF ",""),IF(AND('Audit Setup'!$C$21>=C93,'Audit Setup'!$C$21<=C93+4),"⚑ END OF PLANNING ",""),IF(AND('Audit Setup'!$C$22>=C93,'Audit Setup'!$C$22<=C93+4),"⚑ OUTLINE TO EXEC ",""),IF(AND('Audit Setup'!$C$23>=C93,'Audit Setup'!$C$23<=C93+4),"⚑ ON-TARGET ",""),IF(AND('Audit Setup'!$C$25>=C93,'Audit Setup'!$C$25<=C93+4),"⚑ DRAFT TO EXEC ",""),IF(AND('Audit Setup'!$C$26>=C93,'Audit Setup'!$C$26<=C93+4),"⚑ EXIT CONFERENCE ",""),IF(AND('Audit Setup'!$C$27>=C93,'Audit Setup'!$C$27<=C93+4),"⚑ MGMT RESPONSES DUE ",""),IF(AND('Audit Setup'!$C$32>=C93,'Audit Setup'!$C$32<=C93+4),"⚑ REPORT RELEASE ",""))))
A94: =IF(20<='Audit Setup'!$B$14,"RP-"&20,"") | C94: =C93+7 | D94: 0 | E94: =-COUNTIFS('Holidays & Skeleton'!$B$5:$B$25,">="&C94,'Holidays & Skeleton'!$B$5:$B$25,"<="&(C94+4))*'Audit Setup'!$B$7 | F94: =-COUNTIFS('Holidays & Skeleton'!$B$29:$B$36,">="&C94,'Holidays & Skeleton'!$B$29:$B$36,"<="&(C94+4))*'Audit Setup'!$B$7 | G94: 0 | H94: =CEILING(MAX(0,SUM(D94:G94)),1) | K94: 0 | L94: =IF(NOT(ISNUMBER(C94)),"",TRIM(CONCATENATE(IF(AND('Audit Setup'!$C$20>=C94,'Audit Setup'!$C$20<=C94+4),"⚑ KICKOFF ",""),IF(AND('Audit Setup'!$C$21>=C94,'Audit Setup'!$C$21<=C94+4),"⚑ END OF PLANNING ",""),IF(AND('Audit Setup'!$C$22>=C94,'Audit Setup'!$C$22<=C94+4),"⚑ OUTLINE TO EXEC ",""),IF(AND('Audit Setup'!$C$23>=C94,'Audit Setup'!$C$23<=C94+4),"⚑ ON-TARGET ",""),IF(AND('Audit Setup'!$C$25>=C94,'Audit Setup'!$C$25<=C94+4),"⚑ DRAFT TO EXEC ",""),IF(AND('Audit Setup'!$C$26>=C94,'Audit Setup'!$C$26<=C94+4),"⚑ EXIT CONFERENCE ",""),IF(AND('Audit Setup'!$C$27>=C94,'Audit Setup'!$C$27<=C94+4),"⚑ MGMT RESPONSES DUE ",""),IF(AND('Audit Setup'!$C$32>=C94,'Audit Setup'!$C$32<=C94+4),"⚑ REPORT RELEASE ",""))))
A95: TOTALS | D95: =SUM(D8:D32,D34:D73,D75:D94) | E95: =SUM(E8:E32,E34:E73,E75:E94) | F95: =SUM(F8:F32,F34:F73,F75:F94) | G95: =SUM(G8:G32,G34:G73,G75:G94) | H95: =SUM(H8:H32,H34:H73,H75:H94) | K95: =SUM(K8:K32,K34:K73,K75:K94)
A96: Variance: Actual (K) minus Total Available (H) | H96: =K95-H95 | I96: Positive = over budget | Negative = under budget

Sheet Resource Auditor 1
A1: Audit Resource Tracker | v4 | Auditor 1
A2: Resource Name: | C2: Auditor 1
A3: Audit / Project: | C3: Enter audit name
A4: Phase structure driven by 'Audit Setup'. Blue = manual entry.
A6: Week # | B6: Task Assignment | C6: Week Of (Mon) | D6: Hours Avail. | E6: (-) Business Holidays | F6: (-) Skeleton Days | G6: (-) Leave Planned | H6: Total Avail. | K6: Actual Hrs | L6: Milestones This Week
A7: =" PLANNING - Weeks 1-"&'Audit Setup'!$B$12
A8: =IF(1<='Audit Setup'!$B$12,"PL-"&1,"") | C8: ='Audit Setup'!$C$12 | D8: 0 | E8: =-COUNTIFS('Holidays & Skeleton'!$B$5:$B$25,">="&C8,'Holidays & Skeleton'!$B$5:$B$25,"<="&(C8+4))*'Audit Setup'!$B$7 | F8: =-COUNTIFS('Holidays & Skeleton'!$B$29:$B$36,">="&C8,'Holidays & Skeleton'!$B$29:$B$36,"<="&(C8+4))*'Audit Setup'!$B$7 | G8: 0 | H8: =CEILING(MAX(0,SUM(D8:G8)),1) | K8: 0 | L8: =IF(NOT(ISNUMBER(C8)),"",TRIM(CONCATENATE(IF(AND('Audit Setup'!$C$20>=C8,'Audit Setup'!$C$20<=C8+4),"⚑ KICKOFF ",""),IF(AND('Audit Setup'!$C$21>=C8,'Audit Setup'!$C$21<=C8+4),"⚑ END OF PLANNING ",""),IF(AND('Audit Setup'!$C$22>=C8,'Audit Setup'!$C$22<=C8+4),"⚑ OUTLINE TO EXEC ",""),IF(AND('Audit Setup'!$C$23>=C8,'Audit Setup'!$C$23<=C8+4),"⚑ ON-TARGET ",""),IF(AND('Audit Setup'!$C$25>=C8,'Audit Setup'!$C$25<=C8+4),"⚑ DRAFT TO EXEC ",""),IF(AND('Audit Setup'!$C$26>=C8,'Audit Setup'!$C$26<=C8+4),"⚑ EXIT CONFERENCE ",""),IF(AND('Audit Setup'!$C$27>=C8,'Audit Setup'!$C$27<=C8+4),"⚑ MGMT RESPONSES DUE ",""),IF(AND('Audit Setup'!$C$32>=C8,'Audit Setup'!$C$32<=C8+4),"⚑ REPORT RELEASE ",""))))
A9: =IF(2<='Audit Setup'!$B$12,"PL-"&2,"") | C9: =C8+7 | D9: 0 | E9: =-COUNTIFS('Holidays & Skeleton'!$B$5:$B$25,">="&C9,'Holidays & Skeleton'!$B$5:$B$25,"<="&(C9+4))*'Audit Setup'!$B$7 | F9: =-COUNTIFS('Holidays & Skeleton'!$B$29:$B$36,">="&C9,'Holidays & Skeleton'!$B$29:$B$36,"<="&(C9+4))*'Audit Setup'!$B$7 | G9: 0 | H9: =CEILING(MAX(0,SUM(D9:G9)),1) | K9: 0 | L9: =IF(NOT(ISNUMBER(C9)),"",TRIM(CONCATENATE(IF(AND('Audit Setup'!$C$20>=C9,'Audit Setup'!$C$20<=C9+4),"⚑ KICKOFF ",""),IF(AND('Audit Setup'!$C$21>=C9,'Audit Setup'!$C$21<=C9+4),"⚑ END OF PLANNING ",""),IF(AND('Audit Setup'!$C$22>=C9,'Audit Setup'!$C$22<=C9+4),"⚑ OUTLINE TO EXEC ",""),IF(AND('Audit Setup'!$C$23>=C9,'Audit Setup'!$C$23<=C9+4),"⚑ ON-TARGET ",""),IF(AND('Audit Setup'!$C$25>=C9,'Audit Setup'!$C$25<=C9+4),"⚑ DRAFT TO EXEC ",""),IF(AND('Audit Setup'!$C$26>=C9,'Audit Setup'!$C$26<=C9+4),"⚑ EXIT CONFERENCE ",""),IF(AND('Audit Setup'!$C$27>=C9,'Audit Setup'!$C$27<=C9+4),"⚑ MGMT RESPONSES DUE ",""),IF(AND('Audit Setup'!$C$32>=C9,'Audit Setup'!$C$32<=C9+4),"⚑ REPORT RELEASE ",""))))
A10: =IF(3<='Audit Setup'!$B$12,"PL-"&3,"") | C10: =C9+7 | D10: 0 | E10: =-COUNTIFS('Holidays & Skeleton'!$B$5:$B$25,">="&C10,'Holidays & Skeleton'!$B$5:$B$25,"<="&(C10+4))*'Audit Setup'!$B$7 | F10: =-COUNTIFS('Holidays & Skeleton'!$B$29:$B$36,">="&C10,'Holidays & Skeleton'!$B$29:$B$36,"<="&(C10+4))*'Audit Setup'!$B$7 | G10: 0 | H10: =CEILING(MAX(0,SUM(D10:G10)),1) | K10: 0 | L10: =IF(NOT(ISNUMBER(C10)),"",TRIM(CONCATENATE(IF(AND('Audit Setup'!$C$20>=C10,'Audit Setup'!$C$20<=C10+4),"⚑ KICKOFF ",""),IF(AND('Audit Setup'!$C$21>=C10,'Audit Setup'!$C$21<=C10+4),"⚑ END OF PLANNING ",""),IF(AND('Audit Setup'!$C$22>=C10,'Audit Setup'!$C$22<=C10+4),"⚑ OUTLINE TO EXEC ",""),IF(AND('Audit Setup'!$C$23>=C10,'Audit Setup'!$C$23<=C10+4),"⚑ ON-TARGET ",""),IF(AND('Audit Setup'!$C$25>=C10,'Audit Setup'!$C$25<=C10+4),"⚑ DRAFT TO EXEC ",""),IF(AND('Audit Setup'!$C$26>=C10,'Audit Setup'!$C$26<=C10+4),"⚑ EXIT CONFERENCE ",""),IF(AND('Audit Setup'!$C$27>=C10,'Audit Setup'!$C$27<=C10+4),"⚑ MGMT RESPONSES DUE ",""),IF(AND('Audit Setup'!$C$32>=C10,'Audit Setup'!$C$32<=C10+4),"⚑ REPORT RELEASE ",""))))
A11: =IF(4<='Audit Setup'!$B$12,"PL-"&4,"") | C11: =C10+7 | D11: 0 | E11: =-COUNTIFS('Holidays & Skeleton'!$B$5:$B$25,">="&C11,'Holidays & Skeleton'!$B$5:$B$25,"<="&(C11+4))*'Audit Setup'!$B$7 | F11: =-COUNTIFS('Holidays & Skeleton'!$B$29:$B$36,">="&C11,'Holidays & Skeleton'!$B$29:$B$36,"<="&(C11+4))*'Audit Setup'!$B$7 | G11: 0 | H11: =CEILING(MAX(0,SUM(D11:G11)),1) | K11: 0 | L11: =IF(NOT(ISNUMBER(C11)),"",TRIM(CONCATENATE(IF(AND('Audit Setup'!$C$20>=C11,'Audit Setup'!$C$20<=C11+4),"⚑ KICKOFF ",""),IF(AND('Audit Setup'!$C$21>=C11,'Audit Setup'!$C$21<=C11+4),"⚑ END OF PLANNING ",""),IF(AND('Audit Setup'!$C$22>=C11,'Audit Setup'!$C$22<=C11+4),"⚑ OUTLINE TO EXEC ",""),IF(AND('Audit Setup'!$C$23>=C11,'Audit Setup'!$C$23<=C11+4),"⚑ ON-TARGET ",""),IF(AND('Audit Setup'!$C$25>=C11,'Audit Setup'!$C$25<=C11+4),"⚑ DRAFT TO EXEC ",""),IF(AND('Audit Setup'!$C$26>=C11,'Audit Setup'!$C$26<=C11+4),"⚑ EXIT CONFERENCE ",""),IF(AND('Audit Setup'!$C$27>=C11,'Audit Setup'!$C$27<=C11+4),"⚑ MGMT RESPONSES DUE ",""),IF(AND('Audit Setup'!$C$32>=C11,'Audit Setup'!$C$32<=C11+4),"⚑ REPORT RELEASE ",""))))
A12: =IF(5<='Audit Setup'!$B$12,"PL-"&5,"") | C12: =C11+7 | D12: 0 | E12: =-COUNTIFS('Holidays & Skeleton'!$B$5:$B$25,">="&C12,'Holidays & Skeleton'!$B$5:$B$25,"<="&(C12+4))*'Audit Setup'!$B$7 | F12: =-COUNTIFS('Holidays & Skeleton'!$B$29:$B$36,">="&C12,'Holidays & Skeleton'!$B$29:$B$36,"<="&(C12+4))*'Audit Setup'!$B$7 | G12: 0 | H12: =CEILING(MAX(0,SUM(D12:G12)),1) | K12: 0 | L12: =IF(NOT(ISNUMBER(C12)),"",TRIM(CONCATENATE(IF(AND('Audit Setup'!$C$20>=C12,'Audit Setup'!$C$20<=C12+4),"⚑ KICKOFF ",""),IF(AND('Audit Setup'!$C$21>=C12,'Audit Setup'!$C$21<=C12+4),"⚑ END OF PLANNING ",""),IF(AND('Audit Setup'!$C$22>=C12,'Audit Setup'!$C$22<=C12+4),"⚑ OUTLINE TO EXEC ",""),IF(AND('Audit Setup'!$C$23>=C12,'Audit Setup'!$C$23<=C12+4),"⚑ ON-TARGET ",""),IF(AND('Audit Setup'!$C$25>=C12,'Audit Setup'!$C$25<=C12+4),"⚑ DRAFT TO EXEC ",""),IF(AND('Audit Setup'!$C$26>=C12,'Audit Setup'!$C$26<=C12+4),"⚑ EXIT CONFERENCE ",""),IF(AND('Audit Setup'!$C$27>=C12,'Audit Setup'!$C$27<=C12+4),"⚑ MGMT RESPONSES DUE ",""),IF(AND('Audit Setup'!$C$32>=C12,'Audit Setup'!$C$32<=C12+4),"⚑ REPORT RELEASE ",""))))
